[2025-02-20 03:10:07] local.ERROR: Please provide a valid cache path. {"userId":1,"exception":"[object] (InvalidArgumentException(code: 0): Please provide a valid cache path. at /Users/thiemdao/Desktop/project/elon-farm/vendor/laravel/framework/src/Illuminate/View/Compilers/Compiler.php:66)
[stacktrace]
#0 /Users/thiemdao/Desktop/project/elon-farm/vendor/laravel/framework/src/Illuminate/View/ViewServiceProvider.php(96): Illuminate\\View\\Compilers\\Compiler->__construct(Object(Illuminate\\Filesystem\\Filesystem), false, '', true, 'php')
#1 /Users/thiemdao/Desktop/project/elon-farm/vendor/laravel/framework/src/Illuminate/Container/Container.php(885): Illuminate\\View\\ViewServiceProvider->Illuminate\\View\\{closure}(Object(Illuminate\\Foundation\\Application), Array)
#2 /Users/thiemdao/Desktop/project/elon-farm/vendor/laravel/framework/src/Illuminate/Container/Container.php(770): Illuminate\\Container\\Container->build(Object(Closure))
#3 /Users/thiemdao/Desktop/project/elon-farm/vendor/laravel/framework/src/Illuminate/Foundation/Application.php(856): Illuminate\\Container\\Container->resolve('blade.compiler', Array, true)
#4 /Users/thiemdao/Desktop/project/elon-farm/vendor/laravel/framework/src/Illuminate/Container/Container.php(706): Illuminate\\Foundation\\Application->resolve('blade.compiler', Array)
#5 /Users/thiemdao/Desktop/project/elon-farm/vendor/laravel/framework/src/Illuminate/Foundation/Application.php(841): Illuminate\\Container\\Container->make('blade.compiler', Array)
#6 /Users/thiemdao/Desktop/project/elon-farm/vendor/laravel/framework/src/Illuminate/Container/Container.php(1431): Illuminate\\Foundation\\Application->make('blade.compiler')
#7 /Users/thiemdao/Desktop/project/elon-farm/vendor/laravel/framework/src/Illuminate/View/ViewServiceProvider.php(164): Illuminate\\Container\\Container->offsetGet('blade.compiler')
#8 [internal function]: Illuminate\\View\\ViewServiceProvider->Illuminate\\View\\{closure}()
#9 /Users/thiemdao/Desktop/project/elon-farm/vendor/laravel/framework/src/Illuminate/View/Engines/EngineResolver.php(55): call_user_func(Object(Closure))
#10 /Users/thiemdao/Desktop/project/elon-farm/vendor/laravel/framework/src/Illuminate/View/Factory.php(310): Illuminate\\View\\Engines\\EngineResolver->resolve('blade')
#11 /Users/thiemdao/Desktop/project/elon-farm/vendor/laravel/framework/src/Illuminate/View/Factory.php(274): Illuminate\\View\\Factory->getEngineFromPath('/Users/thiemdao...')
#12 /Users/thiemdao/Desktop/project/elon-farm/vendor/laravel/framework/src/Illuminate/View/Factory.php(146): Illuminate\\View\\Factory->viewInstance('laravel-fileman...', '/Users/thiemdao...', Array)
#13 /Users/thiemdao/Desktop/project/elon-farm/vendor/laravel/framework/src/Illuminate/Foundation/helpers.php(1035): Illuminate\\View\\Factory->make('laravel-fileman...', Array, Array)
#14 /Users/thiemdao/Desktop/project/elon-farm/vendor/unisharp/laravel-filemanager/src/Controllers/LfmController.php(38): view('laravel-fileman...')
#15 /Users/thiemdao/Desktop/project/elon-farm/vendor/laravel/framework/src/Illuminate/Routing/Controller.php(54): UniSharp\\LaravelFilemanager\\Controllers\\LfmController->show()
#16 /Users/thiemdao/Desktop/project/elon-farm/vendor/laravel/framework/src/Illuminate/Routing/ControllerDispatcher.php(43): Illuminate\\Routing\\Controller->callAction('show', Array)
#17 /Users/thiemdao/Desktop/project/elon-farm/vendor/laravel/framework/src/Illuminate/Routing/Route.php(259): Illuminate\\Routing\\ControllerDispatcher->dispatch(Object(Illuminate\\Routing\\Route), Object(UniSharp\\LaravelFilemanager\\Controllers\\LfmController), 'show')
#18 /Users/thiemdao/Desktop/project/elon-farm/vendor/laravel/framework/src/Illuminate/Routing/Route.php(205): Illuminate\\Routing\\Route->runController()
#19 /Users/thiemdao/Desktop/project/elon-farm/vendor/laravel/framework/src/Illuminate/Routing/Router.php(798): Illuminate\\Routing\\Route->run()
#20 /Users/thiemdao/Desktop/project/elon-farm/vendor/laravel/framework/src/Illuminate/Pipeline/Pipeline.php(141): Illuminate\\Routing\\Router->Illuminate\\Routing\\{closure}(Object(Illuminate\\Http\\Request))
#21 /Users/thiemdao/Desktop/project/elon-farm/vendor/unisharp/laravel-filemanager/src/Middlewares/MultiUser.php(31): Illuminate\\Pipeline\\Pipeline->Illuminate\\Pipeline\\{closure}(Object(Illuminate\\Http\\Request))
#22 /Users/thiemdao/Desktop/project/elon-farm/vendor/laravel/framework/src/Illuminate/Pipeline/Pipeline.php(180): UniSharp\\LaravelFilemanager\\Middlewares\\MultiUser->handle(Object(Illuminate\\Http\\Request), Object(Closure))
#23 /Users/thiemdao/Desktop/project/elon-farm/vendor/unisharp/laravel-filemanager/src/Middlewares/CreateDefaultFolder.php(25): Illuminate\\Pipeline\\Pipeline->Illuminate\\Pipeline\\{closure}(Object(Illuminate\\Http\\Request))
#24 /Users/thiemdao/Desktop/project/elon-farm/vendor/laravel/framework/src/Illuminate/Pipeline/Pipeline.php(180): UniSharp\\LaravelFilemanager\\Middlewares\\CreateDefaultFolder->handle(Object(Illuminate\\Http\\Request), Object(Closure))
#25 /Users/thiemdao/Desktop/project/elon-farm/app/Http/Middleware/LocaleMiddleware.php(24): Illuminate\\Pipeline\\Pipeline->Illuminate\\Pipeline\\{closure}(Object(Illuminate\\Http\\Request))
#26 /Users/thiemdao/Desktop/project/elon-farm/vendor/laravel/framework/src/Illuminate/Pipeline/Pipeline.php(180): App\\Http\\Middleware\\LocaleMiddleware->handle(Object(Illuminate\\Http\\Request), Object(Closure))
#27 /Users/thiemdao/Desktop/project/elon-farm/vendor/laravel/framework/src/Illuminate/Routing/Middleware/SubstituteBindings.php(50): Illuminate\\Pipeline\\Pipeline->Illuminate\\Pipeline\\{closure}(Object(Illuminate\\Http\\Request))
#28 /Users/thiemdao/Desktop/project/elon-farm/vendor/laravel/framework/src/Illuminate/Pipeline/Pipeline.php(180): Illuminate\\Routing\\Middleware\\SubstituteBindings->handle(Object(Illuminate\\Http\\Request), Object(Closure))
#29 /Users/thiemdao/Desktop/project/elon-farm/vendor/laravel/framework/src/Illuminate/Auth/Middleware/Authenticate.php(44): Illuminate\\Pipeline\\Pipeline->Illuminate\\Pipeline\\{closure}(Object(Illuminate\\Http\\Request))
#30 /Users/thiemdao/Desktop/project/elon-farm/vendor/laravel/framework/src/Illuminate/Pipeline/Pipeline.php(180): Illuminate\\Auth\\Middleware\\Authenticate->handle(Object(Illuminate\\Http\\Request), Object(Closure))
#31 /Users/thiemdao/Desktop/project/elon-farm/app/Http/Middleware/Localization.php(24): Illuminate\\Pipeline\\Pipeline->Illuminate\\Pipeline\\{closure}(Object(Illuminate\\Http\\Request))
#32 /Users/thiemdao/Desktop/project/elon-farm/vendor/laravel/framework/src/Illuminate/Pipeline/Pipeline.php(180): App\\Http\\Middleware\\Localization->handle(Object(Illuminate\\Http\\Request), Object(Closure))
#33 /Users/thiemdao/Desktop/project/elon-farm/vendor/laravel/framework/src/Illuminate/Foundation/Http/Middleware/VerifyCsrfToken.php(78): Illuminate\\Pipeline\\Pipeline->Illuminate\\Pipeline\\{closure}(Object(Illuminate\\Http\\Request))
#34 /Users/thiemdao/Desktop/project/elon-farm/vendor/laravel/framework/src/Illuminate/Pipeline/Pipeline.php(180): Illuminate\\Foundation\\Http\\Middleware\\VerifyCsrfToken->handle(Object(Illuminate\\Http\\Request), Object(Closure))
#35 /Users/thiemdao/Desktop/project/elon-farm/vendor/laravel/framework/src/Illuminate/View/Middleware/ShareErrorsFromSession.php(49): Illuminate\\Pipeline\\Pipeline->Illuminate\\Pipeline\\{closure}(Object(Illuminate\\Http\\Request))
#36 /Users/thiemdao/Desktop/project/elon-farm/vendor/laravel/framework/src/Illuminate/Pipeline/Pipeline.php(180): Illuminate\\View\\Middleware\\ShareErrorsFromSession->handle(Object(Illuminate\\Http\\Request), Object(Closure))
#37 /Users/thiemdao/Desktop/project/elon-farm/vendor/laravel/framework/src/Illuminate/Session/Middleware/StartSession.php(121): Illuminate\\Pipeline\\Pipeline->Illuminate\\Pipeline\\{closure}(Object(Illuminate\\Http\\Request))
#38 /Users/thiemdao/Desktop/project/elon-farm/vendor/laravel/framework/src/Illuminate/Session/Middleware/StartSession.php(64): Illuminate\\Session\\Middleware\\StartSession->handleStatefulRequest(Object(Illuminate\\Http\\Request), Object(Illuminate\\Session\\Store), Object(Closure))
#39 /Users/thiemdao/Desktop/project/elon-farm/vendor/laravel/framework/src/Illuminate/Pipeline/Pipeline.php(180): Illuminate\\Session\\Middleware\\StartSession->handle(Object(Illuminate\\Http\\Request), Object(Closure))
#40 /Users/thiemdao/Desktop/project/elon-farm/vendor/laravel/framework/src/Illuminate/Cookie/Middleware/AddQueuedCookiesToResponse.php(37): Illuminate\\Pipeline\\Pipeline->Illuminate\\Pipeline\\{closure}(Object(Illuminate\\Http\\Request))
#41 /Users/thiemdao/Desktop/project/elon-farm/vendor/laravel/framework/src/Illuminate/Pipeline/Pipeline.php(180): Illuminate\\Cookie\\Middleware\\AddQueuedCookiesToResponse->handle(Object(Illuminate\\Http\\Request), Object(Closure))
#42 /Users/thiemdao/Desktop/project/elon-farm/vendor/laravel/framework/src/Illuminate/Cookie/Middleware/EncryptCookies.php(67): Illuminate\\Pipeline\\Pipeline->Illuminate\\Pipeline\\{closure}(Object(Illuminate\\Http\\Request))
#43 /Users/thiemdao/Desktop/project/elon-farm/vendor/laravel/framework/src/Illuminate/Pipeline/Pipeline.php(180): Illuminate\\Cookie\\Middleware\\EncryptCookies->handle(Object(Illuminate\\Http\\Request), Object(Closure))
#44 /Users/thiemdao/Desktop/project/elon-farm/vendor/laravel/framework/src/Illuminate/Pipeline/Pipeline.php(116): Illuminate\\Pipeline\\Pipeline->Illuminate\\Pipeline\\{closure}(Object(Illuminate\\Http\\Request))
#45 /Users/thiemdao/Desktop/project/elon-farm/vendor/laravel/framework/src/Illuminate/Routing/Router.php(797): Illuminate\\Pipeline\\Pipeline->then(Object(Closure))
#46 /Users/thiemdao/Desktop/project/elon-farm/vendor/laravel/framework/src/Illuminate/Routing/Router.php(776): Illuminate\\Routing\\Router->runRouteWithinStack(Object(Illuminate\\Routing\\Route), Object(Illuminate\\Http\\Request))
#47 /Users/thiemdao/Desktop/project/elon-farm/vendor/laravel/framework/src/Illuminate/Routing/Router.php(740): Illuminate\\Routing\\Router->runRoute(Object(Illuminate\\Http\\Request), Object(Illuminate\\Routing\\Route))
#48 /Users/thiemdao/Desktop/project/elon-farm/vendor/laravel/framework/src/Illuminate/Routing/Router.php(729): Illuminate\\Routing\\Router->dispatchToRoute(Object(Illuminate\\Http\\Request))
#49 /Users/thiemdao/Desktop/project/elon-farm/vendor/laravel/framework/src/Illuminate/Foundation/Http/Kernel.php(190): Illuminate\\Routing\\Router->dispatch(Object(Illuminate\\Http\\Request))
#50 /Users/thiemdao/Desktop/project/elon-farm/vendor/laravel/framework/src/Illuminate/Pipeline/Pipeline.php(141): Illuminate\\Foundation\\Http\\Kernel->Illuminate\\Foundation\\Http\\{closure}(Object(Illuminate\\Http\\Request))
#51 /Users/thiemdao/Desktop/project/elon-farm/vendor/laravel/framework/src/Illuminate/Foundation/Http/Middleware/TransformsRequest.php(21): Illuminate\\Pipeline\\Pipeline->Illuminate\\Pipeline\\{closure}(Object(Illuminate\\Http\\Request))
#52 /Users/thiemdao/Desktop/project/elon-farm/vendor/laravel/framework/src/Illuminate/Foundation/Http/Middleware/ConvertEmptyStringsToNull.php(31): Illuminate\\Foundation\\Http\\Middleware\\TransformsRequest->handle(Object(Illuminate\\Http\\Request), Object(Closure))
#53 /Users/thiemdao/Desktop/project/elon-farm/vendor/laravel/framework/src/Illuminate/Pipeline/Pipeline.php(180): Illuminate\\Foundation\\Http\\Middleware\\ConvertEmptyStringsToNull->handle(Object(Illuminate\\Http\\Request), Object(Closure))
#54 /Users/thiemdao/Desktop/project/elon-farm/vendor/laravel/framework/src/Illuminate/Foundation/Http/Middleware/TransformsRequest.php(21): Illuminate\\Pipeline\\Pipeline->Illuminate\\Pipeline\\{closure}(Object(Illuminate\\Http\\Request))
#55 /Users/thiemdao/Desktop/project/elon-farm/vendor/laravel/framework/src/Illuminate/Foundation/Http/Middleware/TrimStrings.php(40): Illuminate\\Foundation\\Http\\Middleware\\TransformsRequest->handle(Object(Illuminate\\Http\\Request), Object(Closure))
#56 /Users/thiemdao/Desktop/project/elon-farm/vendor/laravel/framework/src/Illuminate/Pipeline/Pipeline.php(180): Illuminate\\Foundation\\Http\\Middleware\\TrimStrings->handle(Object(Illuminate\\Http\\Request), Object(Closure))
#57 /Users/thiemdao/Desktop/project/elon-farm/vendor/laravel/framework/src/Illuminate/Foundation/Http/Middleware/ValidatePostSize.php(27): Illuminate\\Pipeline\\Pipeline->Illuminate\\Pipeline\\{closure}(Object(Illuminate\\Http\\Request))
#58 /Users/thiemdao/Desktop/project/elon-farm/vendor/laravel/framework/src/Illuminate/Pipeline/Pipeline.php(180): Illuminate\\Foundation\\Http\\Middleware\\ValidatePostSize->handle(Object(Illuminate\\Http\\Request), Object(Closure))
#59 /Users/thiemdao/Desktop/project/elon-farm/vendor/laravel/framework/src/Illuminate/Foundation/Http/Middleware/PreventRequestsDuringMaintenance.php(86): Illuminate\\Pipeline\\Pipeline->Illuminate\\Pipeline\\{closure}(Object(Illuminate\\Http\\Request))
#60 /Users/thiemdao/Desktop/project/elon-farm/vendor/laravel/framework/src/Illuminate/Pipeline/Pipeline.php(180): Illuminate\\Foundation\\Http\\Middleware\\PreventRequestsDuringMaintenance->handle(Object(Illuminate\\Http\\Request), Object(Closure))
#61 /Users/thiemdao/Desktop/project/elon-farm/vendor/fruitcake/laravel-cors/src/HandleCors.php(38): Illuminate\\Pipeline\\Pipeline->Illuminate\\Pipeline\\{closure}(Object(Illuminate\\Http\\Request))
#62 /Users/thiemdao/Desktop/project/elon-farm/vendor/laravel/framework/src/Illuminate/Pipeline/Pipeline.php(180): Fruitcake\\Cors\\HandleCors->handle(Object(Illuminate\\Http\\Request), Object(Closure))
#63 /Users/thiemdao/Desktop/project/elon-farm/vendor/laravel/framework/src/Illuminate/Http/Middleware/TrustProxies.php(39): Illuminate\\Pipeline\\Pipeline->Illuminate\\Pipeline\\{closure}(Object(Illuminate\\Http\\Request))
#64 /Users/thiemdao/Desktop/project/elon-farm/vendor/laravel/framework/src/Illuminate/Pipeline/Pipeline.php(180): Illuminate\\Http\\Middleware\\TrustProxies->handle(Object(Illuminate\\Http\\Request), Object(Closure))
#65 /Users/thiemdao/Desktop/project/elon-farm/vendor/laravel/framework/src/Illuminate/Pipeline/Pipeline.php(116): Illuminate\\Pipeline\\Pipeline->Illuminate\\Pipeline\\{closure}(Object(Illuminate\\Http\\Request))
#66 /Users/thiemdao/Desktop/project/elon-farm/vendor/laravel/framework/src/Illuminate/Foundation/Http/Kernel.php(165): Illuminate\\Pipeline\\Pipeline->then(Object(Closure))
#67 /Users/thiemdao/Desktop/project/elon-farm/vendor/laravel/framework/src/Illuminate/Foundation/Http/Kernel.php(134): Illuminate\\Foundation\\Http\\Kernel->sendRequestThroughRouter(Object(Illuminate\\Http\\Request))
#68 /Users/thiemdao/Desktop/project/elon-farm/public/index.php(51): Illuminate\\Foundation\\Http\\Kernel->handle(Object(Illuminate\\Http\\Request))
#69 /Users/thiemdao/Desktop/project/elon-farm/server.php(21): require_once('/Users/thiemdao...')
#70 {main}
"} 
[2025-02-20 03:10:07] local.ERROR: file_put_contents(/Users/thiemdao/Desktop/project/elon-farm/storage/framework/sessions/0iiO41zyiBAXPtfZUmLoJM9uTyZ5ZpABSpbakqPT): Failed to open stream: No such file or directory {"userId":1,"exception":"[object] (ErrorException(code: 0): file_put_contents(/Users/thiemdao/Desktop/project/elon-farm/storage/framework/sessions/0iiO41zyiBAXPtfZUmLoJM9uTyZ5ZpABSpbakqPT): Failed to open stream: No such file or directory at /Users/thiemdao/Desktop/project/elon-farm/vendor/laravel/framework/src/Illuminate/Filesystem/Filesystem.php:190)
[stacktrace]
#0 /Users/thiemdao/Desktop/project/elon-farm/vendor/laravel/framework/src/Illuminate/Foundation/Bootstrap/HandleExceptions.php(266): Illuminate\\Foundation\\Bootstrap\\HandleExceptions->handleError(2, 'file_put_conten...', '/Users/thiemdao...', 190)
#1 [internal function]: Illuminate\\Foundation\\Bootstrap\\HandleExceptions->Illuminate\\Foundation\\Bootstrap\\{closure}(2, 'file_put_conten...', '/Users/thiemdao...', 190)
#2 /Users/thiemdao/Desktop/project/elon-farm/vendor/laravel/framework/src/Illuminate/Filesystem/Filesystem.php(190): file_put_contents('/Users/thiemdao...', 'a:4:{s:6:\"_toke...', 2)
#3 /Users/thiemdao/Desktop/project/elon-farm/vendor/laravel/framework/src/Illuminate/Session/FileSessionHandler.php(90): Illuminate\\Filesystem\\Filesystem->put('/Users/thiemdao...', 'a:4:{s:6:\"_toke...', true)
#4 /Users/thiemdao/Desktop/project/elon-farm/vendor/laravel/framework/src/Illuminate/Session/Store.php(172): Illuminate\\Session\\FileSessionHandler->write('0iiO41zyiBAXPtf...', 'a:4:{s:6:\"_toke...')
#5 /Users/thiemdao/Desktop/project/elon-farm/vendor/laravel/framework/src/Illuminate/Session/Middleware/StartSession.php(238): Illuminate\\Session\\Store->save()
#6 /Users/thiemdao/Desktop/project/elon-farm/vendor/laravel/framework/src/Illuminate/Session/Middleware/StartSession.php(130): Illuminate\\Session\\Middleware\\StartSession->saveSession(Object(Illuminate\\Http\\Request))
#7 /Users/thiemdao/Desktop/project/elon-farm/vendor/laravel/framework/src/Illuminate/Session/Middleware/StartSession.php(64): Illuminate\\Session\\Middleware\\StartSession->handleStatefulRequest(Object(Illuminate\\Http\\Request), Object(Illuminate\\Session\\Store), Object(Closure))
#8 /Users/thiemdao/Desktop/project/elon-farm/vendor/laravel/framework/src/Illuminate/Pipeline/Pipeline.php(180): Illuminate\\Session\\Middleware\\StartSession->handle(Object(Illuminate\\Http\\Request), Object(Closure))
#9 /Users/thiemdao/Desktop/project/elon-farm/vendor/laravel/framework/src/Illuminate/Cookie/Middleware/AddQueuedCookiesToResponse.php(37): Illuminate\\Pipeline\\Pipeline->Illuminate\\Pipeline\\{closure}(Object(Illuminate\\Http\\Request))
#10 /Users/thiemdao/Desktop/project/elon-farm/vendor/laravel/framework/src/Illuminate/Pipeline/Pipeline.php(180): Illuminate\\Cookie\\Middleware\\AddQueuedCookiesToResponse->handle(Object(Illuminate\\Http\\Request), Object(Closure))
#11 /Users/thiemdao/Desktop/project/elon-farm/vendor/laravel/framework/src/Illuminate/Cookie/Middleware/EncryptCookies.php(67): Illuminate\\Pipeline\\Pipeline->Illuminate\\Pipeline\\{closure}(Object(Illuminate\\Http\\Request))
#12 /Users/thiemdao/Desktop/project/elon-farm/vendor/laravel/framework/src/Illuminate/Pipeline/Pipeline.php(180): Illuminate\\Cookie\\Middleware\\EncryptCookies->handle(Object(Illuminate\\Http\\Request), Object(Closure))
#13 /Users/thiemdao/Desktop/project/elon-farm/vendor/laravel/framework/src/Illuminate/Pipeline/Pipeline.php(116): Illuminate\\Pipeline\\Pipeline->Illuminate\\Pipeline\\{closure}(Object(Illuminate\\Http\\Request))
#14 /Users/thiemdao/Desktop/project/elon-farm/vendor/laravel/framework/src/Illuminate/Routing/Router.php(797): Illuminate\\Pipeline\\Pipeline->then(Object(Closure))
#15 /Users/thiemdao/Desktop/project/elon-farm/vendor/laravel/framework/src/Illuminate/Routing/Router.php(776): Illuminate\\Routing\\Router->runRouteWithinStack(Object(Illuminate\\Routing\\Route), Object(Illuminate\\Http\\Request))
#16 /Users/thiemdao/Desktop/project/elon-farm/vendor/laravel/framework/src/Illuminate/Routing/Router.php(740): Illuminate\\Routing\\Router->runRoute(Object(Illuminate\\Http\\Request), Object(Illuminate\\Routing\\Route))
#17 /Users/thiemdao/Desktop/project/elon-farm/vendor/laravel/framework/src/Illuminate/Routing/Router.php(729): Illuminate\\Routing\\Router->dispatchToRoute(Object(Illuminate\\Http\\Request))
#18 /Users/thiemdao/Desktop/project/elon-farm/vendor/laravel/framework/src/Illuminate/Foundation/Http/Kernel.php(190): Illuminate\\Routing\\Router->dispatch(Object(Illuminate\\Http\\Request))
#19 /Users/thiemdao/Desktop/project/elon-farm/vendor/laravel/framework/src/Illuminate/Pipeline/Pipeline.php(141): Illuminate\\Foundation\\Http\\Kernel->Illuminate\\Foundation\\Http\\{closure}(Object(Illuminate\\Http\\Request))
#20 /Users/thiemdao/Desktop/project/elon-farm/vendor/laravel/framework/src/Illuminate/Foundation/Http/Middleware/TransformsRequest.php(21): Illuminate\\Pipeline\\Pipeline->Illuminate\\Pipeline\\{closure}(Object(Illuminate\\Http\\Request))
#21 /Users/thiemdao/Desktop/project/elon-farm/vendor/laravel/framework/src/Illuminate/Foundation/Http/Middleware/ConvertEmptyStringsToNull.php(31): Illuminate\\Foundation\\Http\\Middleware\\TransformsRequest->handle(Object(Illuminate\\Http\\Request), Object(Closure))
#22 /Users/thiemdao/Desktop/project/elon-farm/vendor/laravel/framework/src/Illuminate/Pipeline/Pipeline.php(180): Illuminate\\Foundation\\Http\\Middleware\\ConvertEmptyStringsToNull->handle(Object(Illuminate\\Http\\Request), Object(Closure))
#23 /Users/thiemdao/Desktop/project/elon-farm/vendor/laravel/framework/src/Illuminate/Foundation/Http/Middleware/TransformsRequest.php(21): Illuminate\\Pipeline\\Pipeline->Illuminate\\Pipeline\\{closure}(Object(Illuminate\\Http\\Request))
#24 /Users/thiemdao/Desktop/project/elon-farm/vendor/laravel/framework/src/Illuminate/Foundation/Http/Middleware/TrimStrings.php(40): Illuminate\\Foundation\\Http\\Middleware\\TransformsRequest->handle(Object(Illuminate\\Http\\Request), Object(Closure))
#25 /Users/thiemdao/Desktop/project/elon-farm/vendor/laravel/framework/src/Illuminate/Pipeline/Pipeline.php(180): Illuminate\\Foundation\\Http\\Middleware\\TrimStrings->handle(Object(Illuminate\\Http\\Request), Object(Closure))
#26 /Users/thiemdao/Desktop/project/elon-farm/vendor/laravel/framework/src/Illuminate/Foundation/Http/Middleware/ValidatePostSize.php(27): Illuminate\\Pipeline\\Pipeline->Illuminate\\Pipeline\\{closure}(Object(Illuminate\\Http\\Request))
#27 /Users/thiemdao/Desktop/project/elon-farm/vendor/laravel/framework/src/Illuminate/Pipeline/Pipeline.php(180): Illuminate\\Foundation\\Http\\Middleware\\ValidatePostSize->handle(Object(Illuminate\\Http\\Request), Object(Closure))
#28 /Users/thiemdao/Desktop/project/elon-farm/vendor/laravel/framework/src/Illuminate/Foundation/Http/Middleware/PreventRequestsDuringMaintenance.php(86): Illuminate\\Pipeline\\Pipeline->Illuminate\\Pipeline\\{closure}(Object(Illuminate\\Http\\Request))
#29 /Users/thiemdao/Desktop/project/elon-farm/vendor/laravel/framework/src/Illuminate/Pipeline/Pipeline.php(180): Illuminate\\Foundation\\Http\\Middleware\\PreventRequestsDuringMaintenance->handle(Object(Illuminate\\Http\\Request), Object(Closure))
#30 /Users/thiemdao/Desktop/project/elon-farm/vendor/fruitcake/laravel-cors/src/HandleCors.php(38): Illuminate\\Pipeline\\Pipeline->Illuminate\\Pipeline\\{closure}(Object(Illuminate\\Http\\Request))
#31 /Users/thiemdao/Desktop/project/elon-farm/vendor/laravel/framework/src/Illuminate/Pipeline/Pipeline.php(180): Fruitcake\\Cors\\HandleCors->handle(Object(Illuminate\\Http\\Request), Object(Closure))
#32 /Users/thiemdao/Desktop/project/elon-farm/vendor/laravel/framework/src/Illuminate/Http/Middleware/TrustProxies.php(39): Illuminate\\Pipeline\\Pipeline->Illuminate\\Pipeline\\{closure}(Object(Illuminate\\Http\\Request))
#33 /Users/thiemdao/Desktop/project/elon-farm/vendor/laravel/framework/src/Illuminate/Pipeline/Pipeline.php(180): Illuminate\\Http\\Middleware\\TrustProxies->handle(Object(Illuminate\\Http\\Request), Object(Closure))
#34 /Users/thiemdao/Desktop/project/elon-farm/vendor/laravel/framework/src/Illuminate/Pipeline/Pipeline.php(116): Illuminate\\Pipeline\\Pipeline->Illuminate\\Pipeline\\{closure}(Object(Illuminate\\Http\\Request))
#35 /Users/thiemdao/Desktop/project/elon-farm/vendor/laravel/framework/src/Illuminate/Foundation/Http/Kernel.php(165): Illuminate\\Pipeline\\Pipeline->then(Object(Closure))
#36 /Users/thiemdao/Desktop/project/elon-farm/vendor/laravel/framework/src/Illuminate/Foundation/Http/Kernel.php(134): Illuminate\\Foundation\\Http\\Kernel->sendRequestThroughRouter(Object(Illuminate\\Http\\Request))
#37 /Users/thiemdao/Desktop/project/elon-farm/public/index.php(51): Illuminate\\Foundation\\Http\\Kernel->handle(Object(Illuminate\\Http\\Request))
#38 /Users/thiemdao/Desktop/project/elon-farm/server.php(21): require_once('/Users/thiemdao...')
#39 {main}
"} 
[2025-02-20 03:10:27] local.ERROR: Please provide a valid cache path. {"userId":1,"exception":"[object] (InvalidArgumentException(code: 0): Please provide a valid cache path. at /Users/thiemdao/Desktop/project/elon-farm/vendor/laravel/framework/src/Illuminate/View/Compilers/Compiler.php:66)
[stacktrace]
#0 /Users/thiemdao/Desktop/project/elon-farm/vendor/laravel/framework/src/Illuminate/View/ViewServiceProvider.php(96): Illuminate\\View\\Compilers\\Compiler->__construct(Object(Illuminate\\Filesystem\\Filesystem), false, '', true, 'php')
#1 /Users/thiemdao/Desktop/project/elon-farm/vendor/laravel/framework/src/Illuminate/Container/Container.php(885): Illuminate\\View\\ViewServiceProvider->Illuminate\\View\\{closure}(Object(Illuminate\\Foundation\\Application), Array)
#2 /Users/thiemdao/Desktop/project/elon-farm/vendor/laravel/framework/src/Illuminate/Container/Container.php(770): Illuminate\\Container\\Container->build(Object(Closure))
#3 /Users/thiemdao/Desktop/project/elon-farm/vendor/laravel/framework/src/Illuminate/Foundation/Application.php(856): Illuminate\\Container\\Container->resolve('blade.compiler', Array, true)
#4 /Users/thiemdao/Desktop/project/elon-farm/vendor/laravel/framework/src/Illuminate/Container/Container.php(706): Illuminate\\Foundation\\Application->resolve('blade.compiler', Array)
#5 /Users/thiemdao/Desktop/project/elon-farm/vendor/laravel/framework/src/Illuminate/Foundation/Application.php(841): Illuminate\\Container\\Container->make('blade.compiler', Array)
#6 /Users/thiemdao/Desktop/project/elon-farm/vendor/laravel/framework/src/Illuminate/Container/Container.php(1431): Illuminate\\Foundation\\Application->make('blade.compiler')
#7 /Users/thiemdao/Desktop/project/elon-farm/vendor/laravel/framework/src/Illuminate/View/ViewServiceProvider.php(164): Illuminate\\Container\\Container->offsetGet('blade.compiler')
#8 [internal function]: Illuminate\\View\\ViewServiceProvider->Illuminate\\View\\{closure}()
#9 /Users/thiemdao/Desktop/project/elon-farm/vendor/laravel/framework/src/Illuminate/View/Engines/EngineResolver.php(55): call_user_func(Object(Closure))
#10 /Users/thiemdao/Desktop/project/elon-farm/vendor/laravel/framework/src/Illuminate/View/Factory.php(310): Illuminate\\View\\Engines\\EngineResolver->resolve('blade')
#11 /Users/thiemdao/Desktop/project/elon-farm/vendor/laravel/framework/src/Illuminate/View/Factory.php(274): Illuminate\\View\\Factory->getEngineFromPath('/Users/thiemdao...')
#12 /Users/thiemdao/Desktop/project/elon-farm/vendor/laravel/framework/src/Illuminate/View/Factory.php(146): Illuminate\\View\\Factory->viewInstance('laravel-fileman...', '/Users/thiemdao...', Array)
#13 /Users/thiemdao/Desktop/project/elon-farm/vendor/laravel/framework/src/Illuminate/Foundation/helpers.php(1035): Illuminate\\View\\Factory->make('laravel-fileman...', Array, Array)
#14 /Users/thiemdao/Desktop/project/elon-farm/vendor/unisharp/laravel-filemanager/src/Controllers/LfmController.php(38): view('laravel-fileman...')
#15 /Users/thiemdao/Desktop/project/elon-farm/vendor/laravel/framework/src/Illuminate/Routing/Controller.php(54): UniSharp\\LaravelFilemanager\\Controllers\\LfmController->show()
#16 /Users/thiemdao/Desktop/project/elon-farm/vendor/laravel/framework/src/Illuminate/Routing/ControllerDispatcher.php(43): Illuminate\\Routing\\Controller->callAction('show', Array)
#17 /Users/thiemdao/Desktop/project/elon-farm/vendor/laravel/framework/src/Illuminate/Routing/Route.php(259): Illuminate\\Routing\\ControllerDispatcher->dispatch(Object(Illuminate\\Routing\\Route), Object(UniSharp\\LaravelFilemanager\\Controllers\\LfmController), 'show')
#18 /Users/thiemdao/Desktop/project/elon-farm/vendor/laravel/framework/src/Illuminate/Routing/Route.php(205): Illuminate\\Routing\\Route->runController()
#19 /Users/thiemdao/Desktop/project/elon-farm/vendor/laravel/framework/src/Illuminate/Routing/Router.php(798): Illuminate\\Routing\\Route->run()
#20 /Users/thiemdao/Desktop/project/elon-farm/vendor/laravel/framework/src/Illuminate/Pipeline/Pipeline.php(141): Illuminate\\Routing\\Router->Illuminate\\Routing\\{closure}(Object(Illuminate\\Http\\Request))
#21 /Users/thiemdao/Desktop/project/elon-farm/vendor/unisharp/laravel-filemanager/src/Middlewares/MultiUser.php(31): Illuminate\\Pipeline\\Pipeline->Illuminate\\Pipeline\\{closure}(Object(Illuminate\\Http\\Request))
#22 /Users/thiemdao/Desktop/project/elon-farm/vendor/laravel/framework/src/Illuminate/Pipeline/Pipeline.php(180): UniSharp\\LaravelFilemanager\\Middlewares\\MultiUser->handle(Object(Illuminate\\Http\\Request), Object(Closure))
#23 /Users/thiemdao/Desktop/project/elon-farm/vendor/unisharp/laravel-filemanager/src/Middlewares/CreateDefaultFolder.php(25): Illuminate\\Pipeline\\Pipeline->Illuminate\\Pipeline\\{closure}(Object(Illuminate\\Http\\Request))
#24 /Users/thiemdao/Desktop/project/elon-farm/vendor/laravel/framework/src/Illuminate/Pipeline/Pipeline.php(180): UniSharp\\LaravelFilemanager\\Middlewares\\CreateDefaultFolder->handle(Object(Illuminate\\Http\\Request), Object(Closure))
#25 /Users/thiemdao/Desktop/project/elon-farm/app/Http/Middleware/LocaleMiddleware.php(24): Illuminate\\Pipeline\\Pipeline->Illuminate\\Pipeline\\{closure}(Object(Illuminate\\Http\\Request))
#26 /Users/thiemdao/Desktop/project/elon-farm/vendor/laravel/framework/src/Illuminate/Pipeline/Pipeline.php(180): App\\Http\\Middleware\\LocaleMiddleware->handle(Object(Illuminate\\Http\\Request), Object(Closure))
#27 /Users/thiemdao/Desktop/project/elon-farm/vendor/laravel/framework/src/Illuminate/Routing/Middleware/SubstituteBindings.php(50): Illuminate\\Pipeline\\Pipeline->Illuminate\\Pipeline\\{closure}(Object(Illuminate\\Http\\Request))
#28 /Users/thiemdao/Desktop/project/elon-farm/vendor/laravel/framework/src/Illuminate/Pipeline/Pipeline.php(180): Illuminate\\Routing\\Middleware\\SubstituteBindings->handle(Object(Illuminate\\Http\\Request), Object(Closure))
#29 /Users/thiemdao/Desktop/project/elon-farm/vendor/laravel/framework/src/Illuminate/Auth/Middleware/Authenticate.php(44): Illuminate\\Pipeline\\Pipeline->Illuminate\\Pipeline\\{closure}(Object(Illuminate\\Http\\Request))
#30 /Users/thiemdao/Desktop/project/elon-farm/vendor/laravel/framework/src/Illuminate/Pipeline/Pipeline.php(180): Illuminate\\Auth\\Middleware\\Authenticate->handle(Object(Illuminate\\Http\\Request), Object(Closure))
#31 /Users/thiemdao/Desktop/project/elon-farm/app/Http/Middleware/Localization.php(24): Illuminate\\Pipeline\\Pipeline->Illuminate\\Pipeline\\{closure}(Object(Illuminate\\Http\\Request))
#32 /Users/thiemdao/Desktop/project/elon-farm/vendor/laravel/framework/src/Illuminate/Pipeline/Pipeline.php(180): App\\Http\\Middleware\\Localization->handle(Object(Illuminate\\Http\\Request), Object(Closure))
#33 /Users/thiemdao/Desktop/project/elon-farm/vendor/laravel/framework/src/Illuminate/Foundation/Http/Middleware/VerifyCsrfToken.php(78): Illuminate\\Pipeline\\Pipeline->Illuminate\\Pipeline\\{closure}(Object(Illuminate\\Http\\Request))
#34 /Users/thiemdao/Desktop/project/elon-farm/vendor/laravel/framework/src/Illuminate/Pipeline/Pipeline.php(180): Illuminate\\Foundation\\Http\\Middleware\\VerifyCsrfToken->handle(Object(Illuminate\\Http\\Request), Object(Closure))
#35 /Users/thiemdao/Desktop/project/elon-farm/vendor/laravel/framework/src/Illuminate/View/Middleware/ShareErrorsFromSession.php(49): Illuminate\\Pipeline\\Pipeline->Illuminate\\Pipeline\\{closure}(Object(Illuminate\\Http\\Request))
#36 /Users/thiemdao/Desktop/project/elon-farm/vendor/laravel/framework/src/Illuminate/Pipeline/Pipeline.php(180): Illuminate\\View\\Middleware\\ShareErrorsFromSession->handle(Object(Illuminate\\Http\\Request), Object(Closure))
#37 /Users/thiemdao/Desktop/project/elon-farm/vendor/laravel/framework/src/Illuminate/Session/Middleware/StartSession.php(121): Illuminate\\Pipeline\\Pipeline->Illuminate\\Pipeline\\{closure}(Object(Illuminate\\Http\\Request))
#38 /Users/thiemdao/Desktop/project/elon-farm/vendor/laravel/framework/src/Illuminate/Session/Middleware/StartSession.php(64): Illuminate\\Session\\Middleware\\StartSession->handleStatefulRequest(Object(Illuminate\\Http\\Request), Object(Illuminate\\Session\\Store), Object(Closure))
#39 /Users/thiemdao/Desktop/project/elon-farm/vendor/laravel/framework/src/Illuminate/Pipeline/Pipeline.php(180): Illuminate\\Session\\Middleware\\StartSession->handle(Object(Illuminate\\Http\\Request), Object(Closure))
#40 /Users/thiemdao/Desktop/project/elon-farm/vendor/laravel/framework/src/Illuminate/Cookie/Middleware/AddQueuedCookiesToResponse.php(37): Illuminate\\Pipeline\\Pipeline->Illuminate\\Pipeline\\{closure}(Object(Illuminate\\Http\\Request))
#41 /Users/thiemdao/Desktop/project/elon-farm/vendor/laravel/framework/src/Illuminate/Pipeline/Pipeline.php(180): Illuminate\\Cookie\\Middleware\\AddQueuedCookiesToResponse->handle(Object(Illuminate\\Http\\Request), Object(Closure))
#42 /Users/thiemdao/Desktop/project/elon-farm/vendor/laravel/framework/src/Illuminate/Cookie/Middleware/EncryptCookies.php(67): Illuminate\\Pipeline\\Pipeline->Illuminate\\Pipeline\\{closure}(Object(Illuminate\\Http\\Request))
#43 /Users/thiemdao/Desktop/project/elon-farm/vendor/laravel/framework/src/Illuminate/Pipeline/Pipeline.php(180): Illuminate\\Cookie\\Middleware\\EncryptCookies->handle(Object(Illuminate\\Http\\Request), Object(Closure))
#44 /Users/thiemdao/Desktop/project/elon-farm/vendor/laravel/framework/src/Illuminate/Pipeline/Pipeline.php(116): Illuminate\\Pipeline\\Pipeline->Illuminate\\Pipeline\\{closure}(Object(Illuminate\\Http\\Request))
#45 /Users/thiemdao/Desktop/project/elon-farm/vendor/laravel/framework/src/Illuminate/Routing/Router.php(797): Illuminate\\Pipeline\\Pipeline->then(Object(Closure))
#46 /Users/thiemdao/Desktop/project/elon-farm/vendor/laravel/framework/src/Illuminate/Routing/Router.php(776): Illuminate\\Routing\\Router->runRouteWithinStack(Object(Illuminate\\Routing\\Route), Object(Illuminate\\Http\\Request))
#47 /Users/thiemdao/Desktop/project/elon-farm/vendor/laravel/framework/src/Illuminate/Routing/Router.php(740): Illuminate\\Routing\\Router->runRoute(Object(Illuminate\\Http\\Request), Object(Illuminate\\Routing\\Route))
#48 /Users/thiemdao/Desktop/project/elon-farm/vendor/laravel/framework/src/Illuminate/Routing/Router.php(729): Illuminate\\Routing\\Router->dispatchToRoute(Object(Illuminate\\Http\\Request))
#49 /Users/thiemdao/Desktop/project/elon-farm/vendor/laravel/framework/src/Illuminate/Foundation/Http/Kernel.php(190): Illuminate\\Routing\\Router->dispatch(Object(Illuminate\\Http\\Request))
#50 /Users/thiemdao/Desktop/project/elon-farm/vendor/laravel/framework/src/Illuminate/Pipeline/Pipeline.php(141): Illuminate\\Foundation\\Http\\Kernel->Illuminate\\Foundation\\Http\\{closure}(Object(Illuminate\\Http\\Request))
#51 /Users/thiemdao/Desktop/project/elon-farm/vendor/laravel/framework/src/Illuminate/Foundation/Http/Middleware/TransformsRequest.php(21): Illuminate\\Pipeline\\Pipeline->Illuminate\\Pipeline\\{closure}(Object(Illuminate\\Http\\Request))
#52 /Users/thiemdao/Desktop/project/elon-farm/vendor/laravel/framework/src/Illuminate/Foundation/Http/Middleware/ConvertEmptyStringsToNull.php(31): Illuminate\\Foundation\\Http\\Middleware\\TransformsRequest->handle(Object(Illuminate\\Http\\Request), Object(Closure))
#53 /Users/thiemdao/Desktop/project/elon-farm/vendor/laravel/framework/src/Illuminate/Pipeline/Pipeline.php(180): Illuminate\\Foundation\\Http\\Middleware\\ConvertEmptyStringsToNull->handle(Object(Illuminate\\Http\\Request), Object(Closure))
#54 /Users/thiemdao/Desktop/project/elon-farm/vendor/laravel/framework/src/Illuminate/Foundation/Http/Middleware/TransformsRequest.php(21): Illuminate\\Pipeline\\Pipeline->Illuminate\\Pipeline\\{closure}(Object(Illuminate\\Http\\Request))
#55 /Users/thiemdao/Desktop/project/elon-farm/vendor/laravel/framework/src/Illuminate/Foundation/Http/Middleware/TrimStrings.php(40): Illuminate\\Foundation\\Http\\Middleware\\TransformsRequest->handle(Object(Illuminate\\Http\\Request), Object(Closure))
#56 /Users/thiemdao/Desktop/project/elon-farm/vendor/laravel/framework/src/Illuminate/Pipeline/Pipeline.php(180): Illuminate\\Foundation\\Http\\Middleware\\TrimStrings->handle(Object(Illuminate\\Http\\Request), Object(Closure))
#57 /Users/thiemdao/Desktop/project/elon-farm/vendor/laravel/framework/src/Illuminate/Foundation/Http/Middleware/ValidatePostSize.php(27): Illuminate\\Pipeline\\Pipeline->Illuminate\\Pipeline\\{closure}(Object(Illuminate\\Http\\Request))
#58 /Users/thiemdao/Desktop/project/elon-farm/vendor/laravel/framework/src/Illuminate/Pipeline/Pipeline.php(180): Illuminate\\Foundation\\Http\\Middleware\\ValidatePostSize->handle(Object(Illuminate\\Http\\Request), Object(Closure))
#59 /Users/thiemdao/Desktop/project/elon-farm/vendor/laravel/framework/src/Illuminate/Foundation/Http/Middleware/PreventRequestsDuringMaintenance.php(86): Illuminate\\Pipeline\\Pipeline->Illuminate\\Pipeline\\{closure}(Object(Illuminate\\Http\\Request))
#60 /Users/thiemdao/Desktop/project/elon-farm/vendor/laravel/framework/src/Illuminate/Pipeline/Pipeline.php(180): Illuminate\\Foundation\\Http\\Middleware\\PreventRequestsDuringMaintenance->handle(Object(Illuminate\\Http\\Request), Object(Closure))
#61 /Users/thiemdao/Desktop/project/elon-farm/vendor/fruitcake/laravel-cors/src/HandleCors.php(38): Illuminate\\Pipeline\\Pipeline->Illuminate\\Pipeline\\{closure}(Object(Illuminate\\Http\\Request))
#62 /Users/thiemdao/Desktop/project/elon-farm/vendor/laravel/framework/src/Illuminate/Pipeline/Pipeline.php(180): Fruitcake\\Cors\\HandleCors->handle(Object(Illuminate\\Http\\Request), Object(Closure))
#63 /Users/thiemdao/Desktop/project/elon-farm/vendor/laravel/framework/src/Illuminate/Http/Middleware/TrustProxies.php(39): Illuminate\\Pipeline\\Pipeline->Illuminate\\Pipeline\\{closure}(Object(Illuminate\\Http\\Request))
#64 /Users/thiemdao/Desktop/project/elon-farm/vendor/laravel/framework/src/Illuminate/Pipeline/Pipeline.php(180): Illuminate\\Http\\Middleware\\TrustProxies->handle(Object(Illuminate\\Http\\Request), Object(Closure))
#65 /Users/thiemdao/Desktop/project/elon-farm/vendor/laravel/framework/src/Illuminate/Pipeline/Pipeline.php(116): Illuminate\\Pipeline\\Pipeline->Illuminate\\Pipeline\\{closure}(Object(Illuminate\\Http\\Request))
#66 /Users/thiemdao/Desktop/project/elon-farm/vendor/laravel/framework/src/Illuminate/Foundation/Http/Kernel.php(165): Illuminate\\Pipeline\\Pipeline->then(Object(Closure))
#67 /Users/thiemdao/Desktop/project/elon-farm/vendor/laravel/framework/src/Illuminate/Foundation/Http/Kernel.php(134): Illuminate\\Foundation\\Http\\Kernel->sendRequestThroughRouter(Object(Illuminate\\Http\\Request))
#68 /Users/thiemdao/Desktop/project/elon-farm/public/index.php(51): Illuminate\\Foundation\\Http\\Kernel->handle(Object(Illuminate\\Http\\Request))
#69 /Users/thiemdao/Desktop/project/elon-farm/server.php(21): require_once('/Users/thiemdao...')
#70 {main}
"} 
[2025-02-20 03:10:27] local.ERROR: file_put_contents(/Users/thiemdao/Desktop/project/elon-farm/storage/framework/sessions/XgQTI8tTmqfzQGOCmGcplJd53cfVk7Dw0ALID2Hm): Failed to open stream: No such file or directory {"userId":1,"exception":"[object] (ErrorException(code: 0): file_put_contents(/Users/thiemdao/Desktop/project/elon-farm/storage/framework/sessions/XgQTI8tTmqfzQGOCmGcplJd53cfVk7Dw0ALID2Hm): Failed to open stream: No such file or directory at /Users/thiemdao/Desktop/project/elon-farm/vendor/laravel/framework/src/Illuminate/Filesystem/Filesystem.php:190)
[stacktrace]
#0 /Users/thiemdao/Desktop/project/elon-farm/vendor/laravel/framework/src/Illuminate/Foundation/Bootstrap/HandleExceptions.php(266): Illuminate\\Foundation\\Bootstrap\\HandleExceptions->handleError(2, 'file_put_conten...', '/Users/thiemdao...', 190)
#1 [internal function]: Illuminate\\Foundation\\Bootstrap\\HandleExceptions->Illuminate\\Foundation\\Bootstrap\\{closure}(2, 'file_put_conten...', '/Users/thiemdao...', 190)
#2 /Users/thiemdao/Desktop/project/elon-farm/vendor/laravel/framework/src/Illuminate/Filesystem/Filesystem.php(190): file_put_contents('/Users/thiemdao...', 'a:4:{s:6:\"_toke...', 2)
#3 /Users/thiemdao/Desktop/project/elon-farm/vendor/laravel/framework/src/Illuminate/Session/FileSessionHandler.php(90): Illuminate\\Filesystem\\Filesystem->put('/Users/thiemdao...', 'a:4:{s:6:\"_toke...', true)
#4 /Users/thiemdao/Desktop/project/elon-farm/vendor/laravel/framework/src/Illuminate/Session/Store.php(172): Illuminate\\Session\\FileSessionHandler->write('XgQTI8tTmqfzQGO...', 'a:4:{s:6:\"_toke...')
#5 /Users/thiemdao/Desktop/project/elon-farm/vendor/laravel/framework/src/Illuminate/Session/Middleware/StartSession.php(238): Illuminate\\Session\\Store->save()
#6 /Users/thiemdao/Desktop/project/elon-farm/vendor/laravel/framework/src/Illuminate/Session/Middleware/StartSession.php(130): Illuminate\\Session\\Middleware\\StartSession->saveSession(Object(Illuminate\\Http\\Request))
#7 /Users/thiemdao/Desktop/project/elon-farm/vendor/laravel/framework/src/Illuminate/Session/Middleware/StartSession.php(64): Illuminate\\Session\\Middleware\\StartSession->handleStatefulRequest(Object(Illuminate\\Http\\Request), Object(Illuminate\\Session\\Store), Object(Closure))
#8 /Users/thiemdao/Desktop/project/elon-farm/vendor/laravel/framework/src/Illuminate/Pipeline/Pipeline.php(180): Illuminate\\Session\\Middleware\\StartSession->handle(Object(Illuminate\\Http\\Request), Object(Closure))
#9 /Users/thiemdao/Desktop/project/elon-farm/vendor/laravel/framework/src/Illuminate/Cookie/Middleware/AddQueuedCookiesToResponse.php(37): Illuminate\\Pipeline\\Pipeline->Illuminate\\Pipeline\\{closure}(Object(Illuminate\\Http\\Request))
#10 /Users/thiemdao/Desktop/project/elon-farm/vendor/laravel/framework/src/Illuminate/Pipeline/Pipeline.php(180): Illuminate\\Cookie\\Middleware\\AddQueuedCookiesToResponse->handle(Object(Illuminate\\Http\\Request), Object(Closure))
#11 /Users/thiemdao/Desktop/project/elon-farm/vendor/laravel/framework/src/Illuminate/Cookie/Middleware/EncryptCookies.php(67): Illuminate\\Pipeline\\Pipeline->Illuminate\\Pipeline\\{closure}(Object(Illuminate\\Http\\Request))
#12 /Users/thiemdao/Desktop/project/elon-farm/vendor/laravel/framework/src/Illuminate/Pipeline/Pipeline.php(180): Illuminate\\Cookie\\Middleware\\EncryptCookies->handle(Object(Illuminate\\Http\\Request), Object(Closure))
#13 /Users/thiemdao/Desktop/project/elon-farm/vendor/laravel/framework/src/Illuminate/Pipeline/Pipeline.php(116): Illuminate\\Pipeline\\Pipeline->Illuminate\\Pipeline\\{closure}(Object(Illuminate\\Http\\Request))
#14 /Users/thiemdao/Desktop/project/elon-farm/vendor/laravel/framework/src/Illuminate/Routing/Router.php(797): Illuminate\\Pipeline\\Pipeline->then(Object(Closure))
#15 /Users/thiemdao/Desktop/project/elon-farm/vendor/laravel/framework/src/Illuminate/Routing/Router.php(776): Illuminate\\Routing\\Router->runRouteWithinStack(Object(Illuminate\\Routing\\Route), Object(Illuminate\\Http\\Request))
#16 /Users/thiemdao/Desktop/project/elon-farm/vendor/laravel/framework/src/Illuminate/Routing/Router.php(740): Illuminate\\Routing\\Router->runRoute(Object(Illuminate\\Http\\Request), Object(Illuminate\\Routing\\Route))
#17 /Users/thiemdao/Desktop/project/elon-farm/vendor/laravel/framework/src/Illuminate/Routing/Router.php(729): Illuminate\\Routing\\Router->dispatchToRoute(Object(Illuminate\\Http\\Request))
#18 /Users/thiemdao/Desktop/project/elon-farm/vendor/laravel/framework/src/Illuminate/Foundation/Http/Kernel.php(190): Illuminate\\Routing\\Router->dispatch(Object(Illuminate\\Http\\Request))
#19 /Users/thiemdao/Desktop/project/elon-farm/vendor/laravel/framework/src/Illuminate/Pipeline/Pipeline.php(141): Illuminate\\Foundation\\Http\\Kernel->Illuminate\\Foundation\\Http\\{closure}(Object(Illuminate\\Http\\Request))
#20 /Users/thiemdao/Desktop/project/elon-farm/vendor/laravel/framework/src/Illuminate/Foundation/Http/Middleware/TransformsRequest.php(21): Illuminate\\Pipeline\\Pipeline->Illuminate\\Pipeline\\{closure}(Object(Illuminate\\Http\\Request))
#21 /Users/thiemdao/Desktop/project/elon-farm/vendor/laravel/framework/src/Illuminate/Foundation/Http/Middleware/ConvertEmptyStringsToNull.php(31): Illuminate\\Foundation\\Http\\Middleware\\TransformsRequest->handle(Object(Illuminate\\Http\\Request), Object(Closure))
#22 /Users/thiemdao/Desktop/project/elon-farm/vendor/laravel/framework/src/Illuminate/Pipeline/Pipeline.php(180): Illuminate\\Foundation\\Http\\Middleware\\ConvertEmptyStringsToNull->handle(Object(Illuminate\\Http\\Request), Object(Closure))
#23 /Users/thiemdao/Desktop/project/elon-farm/vendor/laravel/framework/src/Illuminate/Foundation/Http/Middleware/TransformsRequest.php(21): Illuminate\\Pipeline\\Pipeline->Illuminate\\Pipeline\\{closure}(Object(Illuminate\\Http\\Request))
#24 /Users/thiemdao/Desktop/project/elon-farm/vendor/laravel/framework/src/Illuminate/Foundation/Http/Middleware/TrimStrings.php(40): Illuminate\\Foundation\\Http\\Middleware\\TransformsRequest->handle(Object(Illuminate\\Http\\Request), Object(Closure))
#25 /Users/thiemdao/Desktop/project/elon-farm/vendor/laravel/framework/src/Illuminate/Pipeline/Pipeline.php(180): Illuminate\\Foundation\\Http\\Middleware\\TrimStrings->handle(Object(Illuminate\\Http\\Request), Object(Closure))
#26 /Users/thiemdao/Desktop/project/elon-farm/vendor/laravel/framework/src/Illuminate/Foundation/Http/Middleware/ValidatePostSize.php(27): Illuminate\\Pipeline\\Pipeline->Illuminate\\Pipeline\\{closure}(Object(Illuminate\\Http\\Request))
#27 /Users/thiemdao/Desktop/project/elon-farm/vendor/laravel/framework/src/Illuminate/Pipeline/Pipeline.php(180): Illuminate\\Foundation\\Http\\Middleware\\ValidatePostSize->handle(Object(Illuminate\\Http\\Request), Object(Closure))
#28 /Users/thiemdao/Desktop/project/elon-farm/vendor/laravel/framework/src/Illuminate/Foundation/Http/Middleware/PreventRequestsDuringMaintenance.php(86): Illuminate\\Pipeline\\Pipeline->Illuminate\\Pipeline\\{closure}(Object(Illuminate\\Http\\Request))
#29 /Users/thiemdao/Desktop/project/elon-farm/vendor/laravel/framework/src/Illuminate/Pipeline/Pipeline.php(180): Illuminate\\Foundation\\Http\\Middleware\\PreventRequestsDuringMaintenance->handle(Object(Illuminate\\Http\\Request), Object(Closure))
#30 /Users/thiemdao/Desktop/project/elon-farm/vendor/fruitcake/laravel-cors/src/HandleCors.php(38): Illuminate\\Pipeline\\Pipeline->Illuminate\\Pipeline\\{closure}(Object(Illuminate\\Http\\Request))
#31 /Users/thiemdao/Desktop/project/elon-farm/vendor/laravel/framework/src/Illuminate/Pipeline/Pipeline.php(180): Fruitcake\\Cors\\HandleCors->handle(Object(Illuminate\\Http\\Request), Object(Closure))
#32 /Users/thiemdao/Desktop/project/elon-farm/vendor/laravel/framework/src/Illuminate/Http/Middleware/TrustProxies.php(39): Illuminate\\Pipeline\\Pipeline->Illuminate\\Pipeline\\{closure}(Object(Illuminate\\Http\\Request))
#33 /Users/thiemdao/Desktop/project/elon-farm/vendor/laravel/framework/src/Illuminate/Pipeline/Pipeline.php(180): Illuminate\\Http\\Middleware\\TrustProxies->handle(Object(Illuminate\\Http\\Request), Object(Closure))
#34 /Users/thiemdao/Desktop/project/elon-farm/vendor/laravel/framework/src/Illuminate/Pipeline/Pipeline.php(116): Illuminate\\Pipeline\\Pipeline->Illuminate\\Pipeline\\{closure}(Object(Illuminate\\Http\\Request))
#35 /Users/thiemdao/Desktop/project/elon-farm/vendor/laravel/framework/src/Illuminate/Foundation/Http/Kernel.php(165): Illuminate\\Pipeline\\Pipeline->then(Object(Closure))
#36 /Users/thiemdao/Desktop/project/elon-farm/vendor/laravel/framework/src/Illuminate/Foundation/Http/Kernel.php(134): Illuminate\\Foundation\\Http\\Kernel->sendRequestThroughRouter(Object(Illuminate\\Http\\Request))
#37 /Users/thiemdao/Desktop/project/elon-farm/public/index.php(51): Illuminate\\Foundation\\Http\\Kernel->handle(Object(Illuminate\\Http\\Request))
#38 /Users/thiemdao/Desktop/project/elon-farm/server.php(21): require_once('/Users/thiemdao...')
#39 {main}
"} 
[2025-02-20 03:13:22] local.ERROR: Please provide a valid cache path. {"exception":"[object] (InvalidArgumentException(code: 0): Please provide a valid cache path. at /Users/thiemdao/Desktop/project/elon-farm/vendor/laravel/framework/src/Illuminate/View/Compilers/Compiler.php:66)
[stacktrace]
#0 /Users/thiemdao/Desktop/project/elon-farm/vendor/laravel/framework/src/Illuminate/View/ViewServiceProvider.php(96): Illuminate\\View\\Compilers\\Compiler->__construct(Object(Illuminate\\Filesystem\\Filesystem), false, '', true, 'php')
#1 /Users/thiemdao/Desktop/project/elon-farm/vendor/laravel/framework/src/Illuminate/Container/Container.php(885): Illuminate\\View\\ViewServiceProvider->Illuminate\\View\\{closure}(Object(Illuminate\\Foundation\\Application), Array)
#2 /Users/thiemdao/Desktop/project/elon-farm/vendor/laravel/framework/src/Illuminate/Container/Container.php(770): Illuminate\\Container\\Container->build(Object(Closure))
#3 /Users/thiemdao/Desktop/project/elon-farm/vendor/laravel/framework/src/Illuminate/Foundation/Application.php(856): Illuminate\\Container\\Container->resolve('blade.compiler', Array, true)
#4 /Users/thiemdao/Desktop/project/elon-farm/vendor/laravel/framework/src/Illuminate/Container/Container.php(706): Illuminate\\Foundation\\Application->resolve('blade.compiler', Array)
#5 /Users/thiemdao/Desktop/project/elon-farm/vendor/laravel/framework/src/Illuminate/Foundation/Application.php(841): Illuminate\\Container\\Container->make('blade.compiler', Array)
#6 /Users/thiemdao/Desktop/project/elon-farm/vendor/laravel/framework/src/Illuminate/Container/Container.php(1431): Illuminate\\Foundation\\Application->make('blade.compiler')
#7 /Users/thiemdao/Desktop/project/elon-farm/vendor/laravel/framework/src/Illuminate/View/ViewServiceProvider.php(164): Illuminate\\Container\\Container->offsetGet('blade.compiler')
#8 [internal function]: Illuminate\\View\\ViewServiceProvider->Illuminate\\View\\{closure}()
#9 /Users/thiemdao/Desktop/project/elon-farm/vendor/laravel/framework/src/Illuminate/View/Engines/EngineResolver.php(55): call_user_func(Object(Closure))
#10 /Users/thiemdao/Desktop/project/elon-farm/vendor/laravel/framework/src/Illuminate/View/Factory.php(310): Illuminate\\View\\Engines\\EngineResolver->resolve('blade')
#11 /Users/thiemdao/Desktop/project/elon-farm/vendor/laravel/framework/src/Illuminate/View/Factory.php(274): Illuminate\\View\\Factory->getEngineFromPath('/Users/thiemdao...')
#12 /Users/thiemdao/Desktop/project/elon-farm/vendor/laravel/framework/src/Illuminate/View/Factory.php(146): Illuminate\\View\\Factory->viewInstance('errors::404', '/Users/thiemdao...', Array)
#13 /Users/thiemdao/Desktop/project/elon-farm/vendor/laravel/framework/src/Illuminate/Routing/ResponseFactory.php(87): Illuminate\\View\\Factory->make('errors::404', Array)
#14 /Users/thiemdao/Desktop/project/elon-farm/vendor/laravel/framework/src/Illuminate/Foundation/Exceptions/Handler.php(626): Illuminate\\Routing\\ResponseFactory->view('errors::404', Array, 404, Array)
#15 /Users/thiemdao/Desktop/project/elon-farm/vendor/laravel/framework/src/Illuminate/Foundation/Exceptions/Handler.php(554): Illuminate\\Foundation\\Exceptions\\Handler->renderHttpException(Object(Symfony\\Component\\HttpKernel\\Exception\\NotFoundHttpException))
#16 /Users/thiemdao/Desktop/project/elon-farm/vendor/laravel/framework/src/Illuminate/Foundation/Exceptions/Handler.php(460): Illuminate\\Foundation\\Exceptions\\Handler->prepareResponse(Object(Illuminate\\Http\\Request), Object(Symfony\\Component\\HttpKernel\\Exception\\NotFoundHttpException))
#17 /Users/thiemdao/Desktop/project/elon-farm/vendor/laravel/framework/src/Illuminate/Foundation/Exceptions/Handler.php(377): Illuminate\\Foundation\\Exceptions\\Handler->renderExceptionResponse(Object(Illuminate\\Http\\Request), Object(Symfony\\Component\\HttpKernel\\Exception\\NotFoundHttpException))
#18 /Users/thiemdao/Desktop/project/elon-farm/vendor/laravel/framework/src/Illuminate/Routing/Pipeline.php(51): Illuminate\\Foundation\\Exceptions\\Handler->render(Object(Illuminate\\Http\\Request), Object(Symfony\\Component\\HttpKernel\\Exception\\NotFoundHttpException))
#19 /Users/thiemdao/Desktop/project/elon-farm/vendor/laravel/framework/src/Illuminate/Pipeline/Pipeline.php(143): Illuminate\\Routing\\Pipeline->handleException(Object(Illuminate\\Http\\Request), Object(Symfony\\Component\\HttpKernel\\Exception\\NotFoundHttpException))
#20 /Users/thiemdao/Desktop/project/elon-farm/vendor/laravel/framework/src/Illuminate/Foundation/Http/Middleware/TransformsRequest.php(21): Illuminate\\Pipeline\\Pipeline->Illuminate\\Pipeline\\{closure}(Object(Illuminate\\Http\\Request))
#21 /Users/thiemdao/Desktop/project/elon-farm/vendor/laravel/framework/src/Illuminate/Foundation/Http/Middleware/ConvertEmptyStringsToNull.php(31): Illuminate\\Foundation\\Http\\Middleware\\TransformsRequest->handle(Object(Illuminate\\Http\\Request), Object(Closure))
#22 /Users/thiemdao/Desktop/project/elon-farm/vendor/laravel/framework/src/Illuminate/Pipeline/Pipeline.php(180): Illuminate\\Foundation\\Http\\Middleware\\ConvertEmptyStringsToNull->handle(Object(Illuminate\\Http\\Request), Object(Closure))
#23 /Users/thiemdao/Desktop/project/elon-farm/vendor/laravel/framework/src/Illuminate/Foundation/Http/Middleware/TransformsRequest.php(21): Illuminate\\Pipeline\\Pipeline->Illuminate\\Pipeline\\{closure}(Object(Illuminate\\Http\\Request))
#24 /Users/thiemdao/Desktop/project/elon-farm/vendor/laravel/framework/src/Illuminate/Foundation/Http/Middleware/TrimStrings.php(40): Illuminate\\Foundation\\Http\\Middleware\\TransformsRequest->handle(Object(Illuminate\\Http\\Request), Object(Closure))
#25 /Users/thiemdao/Desktop/project/elon-farm/vendor/laravel/framework/src/Illuminate/Pipeline/Pipeline.php(180): Illuminate\\Foundation\\Http\\Middleware\\TrimStrings->handle(Object(Illuminate\\Http\\Request), Object(Closure))
#26 /Users/thiemdao/Desktop/project/elon-farm/vendor/laravel/framework/src/Illuminate/Foundation/Http/Middleware/ValidatePostSize.php(27): Illuminate\\Pipeline\\Pipeline->Illuminate\\Pipeline\\{closure}(Object(Illuminate\\Http\\Request))
#27 /Users/thiemdao/Desktop/project/elon-farm/vendor/laravel/framework/src/Illuminate/Pipeline/Pipeline.php(180): Illuminate\\Foundation\\Http\\Middleware\\ValidatePostSize->handle(Object(Illuminate\\Http\\Request), Object(Closure))
#28 /Users/thiemdao/Desktop/project/elon-farm/vendor/laravel/framework/src/Illuminate/Foundation/Http/Middleware/PreventRequestsDuringMaintenance.php(86): Illuminate\\Pipeline\\Pipeline->Illuminate\\Pipeline\\{closure}(Object(Illuminate\\Http\\Request))
#29 /Users/thiemdao/Desktop/project/elon-farm/vendor/laravel/framework/src/Illuminate/Pipeline/Pipeline.php(180): Illuminate\\Foundation\\Http\\Middleware\\PreventRequestsDuringMaintenance->handle(Object(Illuminate\\Http\\Request), Object(Closure))
#30 /Users/thiemdao/Desktop/project/elon-farm/vendor/fruitcake/laravel-cors/src/HandleCors.php(38): Illuminate\\Pipeline\\Pipeline->Illuminate\\Pipeline\\{closure}(Object(Illuminate\\Http\\Request))
#31 /Users/thiemdao/Desktop/project/elon-farm/vendor/laravel/framework/src/Illuminate/Pipeline/Pipeline.php(180): Fruitcake\\Cors\\HandleCors->handle(Object(Illuminate\\Http\\Request), Object(Closure))
#32 /Users/thiemdao/Desktop/project/elon-farm/vendor/laravel/framework/src/Illuminate/Http/Middleware/TrustProxies.php(39): Illuminate\\Pipeline\\Pipeline->Illuminate\\Pipeline\\{closure}(Object(Illuminate\\Http\\Request))
#33 /Users/thiemdao/Desktop/project/elon-farm/vendor/laravel/framework/src/Illuminate/Pipeline/Pipeline.php(180): Illuminate\\Http\\Middleware\\TrustProxies->handle(Object(Illuminate\\Http\\Request), Object(Closure))
#34 /Users/thiemdao/Desktop/project/elon-farm/vendor/laravel/framework/src/Illuminate/Pipeline/Pipeline.php(116): Illuminate\\Pipeline\\Pipeline->Illuminate\\Pipeline\\{closure}(Object(Illuminate\\Http\\Request))
#35 /Users/thiemdao/Desktop/project/elon-farm/vendor/laravel/framework/src/Illuminate/Foundation/Http/Kernel.php(165): Illuminate\\Pipeline\\Pipeline->then(Object(Closure))
#36 /Users/thiemdao/Desktop/project/elon-farm/vendor/laravel/framework/src/Illuminate/Foundation/Http/Kernel.php(134): Illuminate\\Foundation\\Http\\Kernel->sendRequestThroughRouter(Object(Illuminate\\Http\\Request))
#37 /Users/thiemdao/Desktop/project/elon-farm/public/index.php(51): Illuminate\\Foundation\\Http\\Kernel->handle(Object(Illuminate\\Http\\Request))
#38 /Users/thiemdao/Desktop/project/elon-farm/server.php(21): require_once('/Users/thiemdao...')
#39 {main}
"} 
[2025-02-20 03:13:22] local.ERROR: Please provide a valid cache path. {"exception":"[object] (InvalidArgumentException(code: 0): Please provide a valid cache path. at /Users/thiemdao/Desktop/project/elon-farm/vendor/laravel/framework/src/Illuminate/View/Compilers/Compiler.php:66)
[stacktrace]
#0 /Users/thiemdao/Desktop/project/elon-farm/vendor/laravel/framework/src/Illuminate/View/ViewServiceProvider.php(96): Illuminate\\View\\Compilers\\Compiler->__construct(Object(Illuminate\\Filesystem\\Filesystem), false, '', true, 'php')
#1 /Users/thiemdao/Desktop/project/elon-farm/vendor/laravel/framework/src/Illuminate/Container/Container.php(885): Illuminate\\View\\ViewServiceProvider->Illuminate\\View\\{closure}(Object(Illuminate\\Foundation\\Application), Array)
#2 /Users/thiemdao/Desktop/project/elon-farm/vendor/laravel/framework/src/Illuminate/Container/Container.php(770): Illuminate\\Container\\Container->build(Object(Closure))
#3 /Users/thiemdao/Desktop/project/elon-farm/vendor/laravel/framework/src/Illuminate/Foundation/Application.php(856): Illuminate\\Container\\Container->resolve('blade.compiler', Array, true)
#4 /Users/thiemdao/Desktop/project/elon-farm/vendor/laravel/framework/src/Illuminate/Container/Container.php(706): Illuminate\\Foundation\\Application->resolve('blade.compiler', Array)
#5 /Users/thiemdao/Desktop/project/elon-farm/vendor/laravel/framework/src/Illuminate/Foundation/Application.php(841): Illuminate\\Container\\Container->make('blade.compiler', Array)
#6 /Users/thiemdao/Desktop/project/elon-farm/vendor/laravel/framework/src/Illuminate/Container/Container.php(1431): Illuminate\\Foundation\\Application->make('blade.compiler')
#7 /Users/thiemdao/Desktop/project/elon-farm/vendor/laravel/framework/src/Illuminate/View/ViewServiceProvider.php(164): Illuminate\\Container\\Container->offsetGet('blade.compiler')
#8 [internal function]: Illuminate\\View\\ViewServiceProvider->Illuminate\\View\\{closure}()
#9 /Users/thiemdao/Desktop/project/elon-farm/vendor/laravel/framework/src/Illuminate/View/Engines/EngineResolver.php(55): call_user_func(Object(Closure))
#10 /Users/thiemdao/Desktop/project/elon-farm/vendor/laravel/framework/src/Illuminate/View/Factory.php(310): Illuminate\\View\\Engines\\EngineResolver->resolve('blade')
#11 /Users/thiemdao/Desktop/project/elon-farm/vendor/laravel/framework/src/Illuminate/View/Factory.php(274): Illuminate\\View\\Factory->getEngineFromPath('/Users/thiemdao...')
#12 /Users/thiemdao/Desktop/project/elon-farm/vendor/laravel/framework/src/Illuminate/View/Factory.php(146): Illuminate\\View\\Factory->viewInstance('errors::404', '/Users/thiemdao...', Array)
#13 /Users/thiemdao/Desktop/project/elon-farm/vendor/laravel/framework/src/Illuminate/Routing/ResponseFactory.php(87): Illuminate\\View\\Factory->make('errors::404', Array)
#14 /Users/thiemdao/Desktop/project/elon-farm/vendor/laravel/framework/src/Illuminate/Foundation/Exceptions/Handler.php(626): Illuminate\\Routing\\ResponseFactory->view('errors::404', Array, 404, Array)
#15 /Users/thiemdao/Desktop/project/elon-farm/vendor/laravel/framework/src/Illuminate/Foundation/Exceptions/Handler.php(554): Illuminate\\Foundation\\Exceptions\\Handler->renderHttpException(Object(Symfony\\Component\\HttpKernel\\Exception\\NotFoundHttpException))
#16 /Users/thiemdao/Desktop/project/elon-farm/vendor/laravel/framework/src/Illuminate/Foundation/Exceptions/Handler.php(460): Illuminate\\Foundation\\Exceptions\\Handler->prepareResponse(Object(Illuminate\\Http\\Request), Object(Symfony\\Component\\HttpKernel\\Exception\\NotFoundHttpException))
#17 /Users/thiemdao/Desktop/project/elon-farm/vendor/laravel/framework/src/Illuminate/Foundation/Exceptions/Handler.php(377): Illuminate\\Foundation\\Exceptions\\Handler->renderExceptionResponse(Object(Illuminate\\Http\\Request), Object(Symfony\\Component\\HttpKernel\\Exception\\NotFoundHttpException))
#18 /Users/thiemdao/Desktop/project/elon-farm/vendor/laravel/framework/src/Illuminate/Routing/Pipeline.php(51): Illuminate\\Foundation\\Exceptions\\Handler->render(Object(Illuminate\\Http\\Request), Object(Symfony\\Component\\HttpKernel\\Exception\\NotFoundHttpException))
#19 /Users/thiemdao/Desktop/project/elon-farm/vendor/laravel/framework/src/Illuminate/Pipeline/Pipeline.php(143): Illuminate\\Routing\\Pipeline->handleException(Object(Illuminate\\Http\\Request), Object(Symfony\\Component\\HttpKernel\\Exception\\NotFoundHttpException))
#20 /Users/thiemdao/Desktop/project/elon-farm/vendor/laravel/framework/src/Illuminate/Foundation/Http/Middleware/TransformsRequest.php(21): Illuminate\\Pipeline\\Pipeline->Illuminate\\Pipeline\\{closure}(Object(Illuminate\\Http\\Request))
#21 /Users/thiemdao/Desktop/project/elon-farm/vendor/laravel/framework/src/Illuminate/Foundation/Http/Middleware/ConvertEmptyStringsToNull.php(31): Illuminate\\Foundation\\Http\\Middleware\\TransformsRequest->handle(Object(Illuminate\\Http\\Request), Object(Closure))
#22 /Users/thiemdao/Desktop/project/elon-farm/vendor/laravel/framework/src/Illuminate/Pipeline/Pipeline.php(180): Illuminate\\Foundation\\Http\\Middleware\\ConvertEmptyStringsToNull->handle(Object(Illuminate\\Http\\Request), Object(Closure))
#23 /Users/thiemdao/Desktop/project/elon-farm/vendor/laravel/framework/src/Illuminate/Foundation/Http/Middleware/TransformsRequest.php(21): Illuminate\\Pipeline\\Pipeline->Illuminate\\Pipeline\\{closure}(Object(Illuminate\\Http\\Request))
#24 /Users/thiemdao/Desktop/project/elon-farm/vendor/laravel/framework/src/Illuminate/Foundation/Http/Middleware/TrimStrings.php(40): Illuminate\\Foundation\\Http\\Middleware\\TransformsRequest->handle(Object(Illuminate\\Http\\Request), Object(Closure))
#25 /Users/thiemdao/Desktop/project/elon-farm/vendor/laravel/framework/src/Illuminate/Pipeline/Pipeline.php(180): Illuminate\\Foundation\\Http\\Middleware\\TrimStrings->handle(Object(Illuminate\\Http\\Request), Object(Closure))
#26 /Users/thiemdao/Desktop/project/elon-farm/vendor/laravel/framework/src/Illuminate/Foundation/Http/Middleware/ValidatePostSize.php(27): Illuminate\\Pipeline\\Pipeline->Illuminate\\Pipeline\\{closure}(Object(Illuminate\\Http\\Request))
#27 /Users/thiemdao/Desktop/project/elon-farm/vendor/laravel/framework/src/Illuminate/Pipeline/Pipeline.php(180): Illuminate\\Foundation\\Http\\Middleware\\ValidatePostSize->handle(Object(Illuminate\\Http\\Request), Object(Closure))
#28 /Users/thiemdao/Desktop/project/elon-farm/vendor/laravel/framework/src/Illuminate/Foundation/Http/Middleware/PreventRequestsDuringMaintenance.php(86): Illuminate\\Pipeline\\Pipeline->Illuminate\\Pipeline\\{closure}(Object(Illuminate\\Http\\Request))
#29 /Users/thiemdao/Desktop/project/elon-farm/vendor/laravel/framework/src/Illuminate/Pipeline/Pipeline.php(180): Illuminate\\Foundation\\Http\\Middleware\\PreventRequestsDuringMaintenance->handle(Object(Illuminate\\Http\\Request), Object(Closure))
#30 /Users/thiemdao/Desktop/project/elon-farm/vendor/fruitcake/laravel-cors/src/HandleCors.php(38): Illuminate\\Pipeline\\Pipeline->Illuminate\\Pipeline\\{closure}(Object(Illuminate\\Http\\Request))
#31 /Users/thiemdao/Desktop/project/elon-farm/vendor/laravel/framework/src/Illuminate/Pipeline/Pipeline.php(180): Fruitcake\\Cors\\HandleCors->handle(Object(Illuminate\\Http\\Request), Object(Closure))
#32 /Users/thiemdao/Desktop/project/elon-farm/vendor/laravel/framework/src/Illuminate/Http/Middleware/TrustProxies.php(39): Illuminate\\Pipeline\\Pipeline->Illuminate\\Pipeline\\{closure}(Object(Illuminate\\Http\\Request))
#33 /Users/thiemdao/Desktop/project/elon-farm/vendor/laravel/framework/src/Illuminate/Pipeline/Pipeline.php(180): Illuminate\\Http\\Middleware\\TrustProxies->handle(Object(Illuminate\\Http\\Request), Object(Closure))
#34 /Users/thiemdao/Desktop/project/elon-farm/vendor/laravel/framework/src/Illuminate/Pipeline/Pipeline.php(116): Illuminate\\Pipeline\\Pipeline->Illuminate\\Pipeline\\{closure}(Object(Illuminate\\Http\\Request))
#35 /Users/thiemdao/Desktop/project/elon-farm/vendor/laravel/framework/src/Illuminate/Foundation/Http/Kernel.php(165): Illuminate\\Pipeline\\Pipeline->then(Object(Closure))
#36 /Users/thiemdao/Desktop/project/elon-farm/vendor/laravel/framework/src/Illuminate/Foundation/Http/Kernel.php(134): Illuminate\\Foundation\\Http\\Kernel->sendRequestThroughRouter(Object(Illuminate\\Http\\Request))
#37 /Users/thiemdao/Desktop/project/elon-farm/public/index.php(51): Illuminate\\Foundation\\Http\\Kernel->handle(Object(Illuminate\\Http\\Request))
#38 /Users/thiemdao/Desktop/project/elon-farm/server.php(21): require_once('/Users/thiemdao...')
#39 {main}
"} 
[2025-02-20 03:13:22] local.ERROR: Please provide a valid cache path. {"exception":"[object] (InvalidArgumentException(code: 0): Please provide a valid cache path. at /Users/thiemdao/Desktop/project/elon-farm/vendor/laravel/framework/src/Illuminate/View/Compilers/Compiler.php:66)
[stacktrace]
#0 /Users/thiemdao/Desktop/project/elon-farm/vendor/laravel/framework/src/Illuminate/View/ViewServiceProvider.php(96): Illuminate\\View\\Compilers\\Compiler->__construct(Object(Illuminate\\Filesystem\\Filesystem), false, '', true, 'php')
#1 /Users/thiemdao/Desktop/project/elon-farm/vendor/laravel/framework/src/Illuminate/Container/Container.php(885): Illuminate\\View\\ViewServiceProvider->Illuminate\\View\\{closure}(Object(Illuminate\\Foundation\\Application), Array)
#2 /Users/thiemdao/Desktop/project/elon-farm/vendor/laravel/framework/src/Illuminate/Container/Container.php(770): Illuminate\\Container\\Container->build(Object(Closure))
#3 /Users/thiemdao/Desktop/project/elon-farm/vendor/laravel/framework/src/Illuminate/Foundation/Application.php(856): Illuminate\\Container\\Container->resolve('blade.compiler', Array, true)
#4 /Users/thiemdao/Desktop/project/elon-farm/vendor/laravel/framework/src/Illuminate/Container/Container.php(706): Illuminate\\Foundation\\Application->resolve('blade.compiler', Array)
#5 /Users/thiemdao/Desktop/project/elon-farm/vendor/laravel/framework/src/Illuminate/Foundation/Application.php(841): Illuminate\\Container\\Container->make('blade.compiler', Array)
#6 /Users/thiemdao/Desktop/project/elon-farm/vendor/laravel/framework/src/Illuminate/Container/Container.php(1431): Illuminate\\Foundation\\Application->make('blade.compiler')
#7 /Users/thiemdao/Desktop/project/elon-farm/vendor/laravel/framework/src/Illuminate/View/ViewServiceProvider.php(164): Illuminate\\Container\\Container->offsetGet('blade.compiler')
#8 [internal function]: Illuminate\\View\\ViewServiceProvider->Illuminate\\View\\{closure}()
#9 /Users/thiemdao/Desktop/project/elon-farm/vendor/laravel/framework/src/Illuminate/View/Engines/EngineResolver.php(55): call_user_func(Object(Closure))
#10 /Users/thiemdao/Desktop/project/elon-farm/vendor/laravel/framework/src/Illuminate/View/Factory.php(310): Illuminate\\View\\Engines\\EngineResolver->resolve('blade')
#11 /Users/thiemdao/Desktop/project/elon-farm/vendor/laravel/framework/src/Illuminate/View/Factory.php(274): Illuminate\\View\\Factory->getEngineFromPath('/Users/thiemdao...')
#12 /Users/thiemdao/Desktop/project/elon-farm/vendor/laravel/framework/src/Illuminate/View/Factory.php(146): Illuminate\\View\\Factory->viewInstance('errors::404', '/Users/thiemdao...', Array)
#13 /Users/thiemdao/Desktop/project/elon-farm/vendor/laravel/framework/src/Illuminate/Routing/ResponseFactory.php(87): Illuminate\\View\\Factory->make('errors::404', Array)
#14 /Users/thiemdao/Desktop/project/elon-farm/vendor/laravel/framework/src/Illuminate/Foundation/Exceptions/Handler.php(626): Illuminate\\Routing\\ResponseFactory->view('errors::404', Array, 404, Array)
#15 /Users/thiemdao/Desktop/project/elon-farm/vendor/laravel/framework/src/Illuminate/Foundation/Exceptions/Handler.php(554): Illuminate\\Foundation\\Exceptions\\Handler->renderHttpException(Object(Symfony\\Component\\HttpKernel\\Exception\\NotFoundHttpException))
#16 /Users/thiemdao/Desktop/project/elon-farm/vendor/laravel/framework/src/Illuminate/Foundation/Exceptions/Handler.php(460): Illuminate\\Foundation\\Exceptions\\Handler->prepareResponse(Object(Illuminate\\Http\\Request), Object(Symfony\\Component\\HttpKernel\\Exception\\NotFoundHttpException))
#17 /Users/thiemdao/Desktop/project/elon-farm/vendor/laravel/framework/src/Illuminate/Foundation/Exceptions/Handler.php(377): Illuminate\\Foundation\\Exceptions\\Handler->renderExceptionResponse(Object(Illuminate\\Http\\Request), Object(Symfony\\Component\\HttpKernel\\Exception\\NotFoundHttpException))
#18 /Users/thiemdao/Desktop/project/elon-farm/vendor/laravel/framework/src/Illuminate/Routing/Pipeline.php(51): Illuminate\\Foundation\\Exceptions\\Handler->render(Object(Illuminate\\Http\\Request), Object(Symfony\\Component\\HttpKernel\\Exception\\NotFoundHttpException))
#19 /Users/thiemdao/Desktop/project/elon-farm/vendor/laravel/framework/src/Illuminate/Pipeline/Pipeline.php(143): Illuminate\\Routing\\Pipeline->handleException(Object(Illuminate\\Http\\Request), Object(Symfony\\Component\\HttpKernel\\Exception\\NotFoundHttpException))
#20 /Users/thiemdao/Desktop/project/elon-farm/vendor/laravel/framework/src/Illuminate/Foundation/Http/Middleware/TransformsRequest.php(21): Illuminate\\Pipeline\\Pipeline->Illuminate\\Pipeline\\{closure}(Object(Illuminate\\Http\\Request))
#21 /Users/thiemdao/Desktop/project/elon-farm/vendor/laravel/framework/src/Illuminate/Foundation/Http/Middleware/ConvertEmptyStringsToNull.php(31): Illuminate\\Foundation\\Http\\Middleware\\TransformsRequest->handle(Object(Illuminate\\Http\\Request), Object(Closure))
#22 /Users/thiemdao/Desktop/project/elon-farm/vendor/laravel/framework/src/Illuminate/Pipeline/Pipeline.php(180): Illuminate\\Foundation\\Http\\Middleware\\ConvertEmptyStringsToNull->handle(Object(Illuminate\\Http\\Request), Object(Closure))
#23 /Users/thiemdao/Desktop/project/elon-farm/vendor/laravel/framework/src/Illuminate/Foundation/Http/Middleware/TransformsRequest.php(21): Illuminate\\Pipeline\\Pipeline->Illuminate\\Pipeline\\{closure}(Object(Illuminate\\Http\\Request))
#24 /Users/thiemdao/Desktop/project/elon-farm/vendor/laravel/framework/src/Illuminate/Foundation/Http/Middleware/TrimStrings.php(40): Illuminate\\Foundation\\Http\\Middleware\\TransformsRequest->handle(Object(Illuminate\\Http\\Request), Object(Closure))
#25 /Users/thiemdao/Desktop/project/elon-farm/vendor/laravel/framework/src/Illuminate/Pipeline/Pipeline.php(180): Illuminate\\Foundation\\Http\\Middleware\\TrimStrings->handle(Object(Illuminate\\Http\\Request), Object(Closure))
#26 /Users/thiemdao/Desktop/project/elon-farm/vendor/laravel/framework/src/Illuminate/Foundation/Http/Middleware/ValidatePostSize.php(27): Illuminate\\Pipeline\\Pipeline->Illuminate\\Pipeline\\{closure}(Object(Illuminate\\Http\\Request))
#27 /Users/thiemdao/Desktop/project/elon-farm/vendor/laravel/framework/src/Illuminate/Pipeline/Pipeline.php(180): Illuminate\\Foundation\\Http\\Middleware\\ValidatePostSize->handle(Object(Illuminate\\Http\\Request), Object(Closure))
#28 /Users/thiemdao/Desktop/project/elon-farm/vendor/laravel/framework/src/Illuminate/Foundation/Http/Middleware/PreventRequestsDuringMaintenance.php(86): Illuminate\\Pipeline\\Pipeline->Illuminate\\Pipeline\\{closure}(Object(Illuminate\\Http\\Request))
#29 /Users/thiemdao/Desktop/project/elon-farm/vendor/laravel/framework/src/Illuminate/Pipeline/Pipeline.php(180): Illuminate\\Foundation\\Http\\Middleware\\PreventRequestsDuringMaintenance->handle(Object(Illuminate\\Http\\Request), Object(Closure))
#30 /Users/thiemdao/Desktop/project/elon-farm/vendor/fruitcake/laravel-cors/src/HandleCors.php(38): Illuminate\\Pipeline\\Pipeline->Illuminate\\Pipeline\\{closure}(Object(Illuminate\\Http\\Request))
#31 /Users/thiemdao/Desktop/project/elon-farm/vendor/laravel/framework/src/Illuminate/Pipeline/Pipeline.php(180): Fruitcake\\Cors\\HandleCors->handle(Object(Illuminate\\Http\\Request), Object(Closure))
#32 /Users/thiemdao/Desktop/project/elon-farm/vendor/laravel/framework/src/Illuminate/Http/Middleware/TrustProxies.php(39): Illuminate\\Pipeline\\Pipeline->Illuminate\\Pipeline\\{closure}(Object(Illuminate\\Http\\Request))
#33 /Users/thiemdao/Desktop/project/elon-farm/vendor/laravel/framework/src/Illuminate/Pipeline/Pipeline.php(180): Illuminate\\Http\\Middleware\\TrustProxies->handle(Object(Illuminate\\Http\\Request), Object(Closure))
#34 /Users/thiemdao/Desktop/project/elon-farm/vendor/laravel/framework/src/Illuminate/Pipeline/Pipeline.php(116): Illuminate\\Pipeline\\Pipeline->Illuminate\\Pipeline\\{closure}(Object(Illuminate\\Http\\Request))
#35 /Users/thiemdao/Desktop/project/elon-farm/vendor/laravel/framework/src/Illuminate/Foundation/Http/Kernel.php(165): Illuminate\\Pipeline\\Pipeline->then(Object(Closure))
#36 /Users/thiemdao/Desktop/project/elon-farm/vendor/laravel/framework/src/Illuminate/Foundation/Http/Kernel.php(134): Illuminate\\Foundation\\Http\\Kernel->sendRequestThroughRouter(Object(Illuminate\\Http\\Request))
#37 /Users/thiemdao/Desktop/project/elon-farm/public/index.php(51): Illuminate\\Foundation\\Http\\Kernel->handle(Object(Illuminate\\Http\\Request))
#38 /Users/thiemdao/Desktop/project/elon-farm/server.php(21): require_once('/Users/thiemdao...')
#39 {main}
"} 
[2025-02-20 03:13:26] local.ERROR: Please provide a valid cache path. {"userId":1,"exception":"[object] (InvalidArgumentException(code: 0): Please provide a valid cache path. at /Users/thiemdao/Desktop/project/elon-farm/vendor/laravel/framework/src/Illuminate/View/Compilers/Compiler.php:66)
[stacktrace]
#0 /Users/thiemdao/Desktop/project/elon-farm/vendor/laravel/framework/src/Illuminate/View/ViewServiceProvider.php(96): Illuminate\\View\\Compilers\\Compiler->__construct(Object(Illuminate\\Filesystem\\Filesystem), false, '', true, 'php')
#1 /Users/thiemdao/Desktop/project/elon-farm/vendor/laravel/framework/src/Illuminate/Container/Container.php(885): Illuminate\\View\\ViewServiceProvider->Illuminate\\View\\{closure}(Object(Illuminate\\Foundation\\Application), Array)
#2 /Users/thiemdao/Desktop/project/elon-farm/vendor/laravel/framework/src/Illuminate/Container/Container.php(770): Illuminate\\Container\\Container->build(Object(Closure))
#3 /Users/thiemdao/Desktop/project/elon-farm/vendor/laravel/framework/src/Illuminate/Foundation/Application.php(856): Illuminate\\Container\\Container->resolve('blade.compiler', Array, true)
#4 /Users/thiemdao/Desktop/project/elon-farm/vendor/laravel/framework/src/Illuminate/Container/Container.php(706): Illuminate\\Foundation\\Application->resolve('blade.compiler', Array)
#5 /Users/thiemdao/Desktop/project/elon-farm/vendor/laravel/framework/src/Illuminate/Foundation/Application.php(841): Illuminate\\Container\\Container->make('blade.compiler', Array)
#6 /Users/thiemdao/Desktop/project/elon-farm/vendor/laravel/framework/src/Illuminate/Container/Container.php(1431): Illuminate\\Foundation\\Application->make('blade.compiler')
#7 /Users/thiemdao/Desktop/project/elon-farm/vendor/laravel/framework/src/Illuminate/View/ViewServiceProvider.php(164): Illuminate\\Container\\Container->offsetGet('blade.compiler')
#8 [internal function]: Illuminate\\View\\ViewServiceProvider->Illuminate\\View\\{closure}()
#9 /Users/thiemdao/Desktop/project/elon-farm/vendor/laravel/framework/src/Illuminate/View/Engines/EngineResolver.php(55): call_user_func(Object(Closure))
#10 /Users/thiemdao/Desktop/project/elon-farm/vendor/laravel/framework/src/Illuminate/View/Factory.php(310): Illuminate\\View\\Engines\\EngineResolver->resolve('blade')
#11 /Users/thiemdao/Desktop/project/elon-farm/vendor/laravel/framework/src/Illuminate/View/Factory.php(274): Illuminate\\View\\Factory->getEngineFromPath('/Users/thiemdao...')
#12 /Users/thiemdao/Desktop/project/elon-farm/vendor/laravel/framework/src/Illuminate/View/Factory.php(146): Illuminate\\View\\Factory->viewInstance('admin.product.c...', '/Users/thiemdao...', Array)
#13 /Users/thiemdao/Desktop/project/elon-farm/vendor/laravel/framework/src/Illuminate/Foundation/helpers.php(1035): Illuminate\\View\\Factory->make('admin.product.c...', Array, Array)
#14 /Users/thiemdao/Desktop/project/elon-farm/app/Http/Controllers/Admin/ProductController.php(109): view('admin.product.c...', Array)
#15 /Users/thiemdao/Desktop/project/elon-farm/vendor/laravel/framework/src/Illuminate/Routing/Controller.php(54): App\\Http\\Controllers\\Admin\\ProductController->edit('20')
#16 /Users/thiemdao/Desktop/project/elon-farm/vendor/laravel/framework/src/Illuminate/Routing/ControllerDispatcher.php(43): Illuminate\\Routing\\Controller->callAction('edit', Array)
#17 /Users/thiemdao/Desktop/project/elon-farm/vendor/laravel/framework/src/Illuminate/Routing/Route.php(259): Illuminate\\Routing\\ControllerDispatcher->dispatch(Object(Illuminate\\Routing\\Route), Object(App\\Http\\Controllers\\Admin\\ProductController), 'edit')
#18 /Users/thiemdao/Desktop/project/elon-farm/vendor/laravel/framework/src/Illuminate/Routing/Route.php(205): Illuminate\\Routing\\Route->runController()
#19 /Users/thiemdao/Desktop/project/elon-farm/vendor/laravel/framework/src/Illuminate/Routing/Router.php(798): Illuminate\\Routing\\Route->run()
#20 /Users/thiemdao/Desktop/project/elon-farm/vendor/laravel/framework/src/Illuminate/Pipeline/Pipeline.php(141): Illuminate\\Routing\\Router->Illuminate\\Routing\\{closure}(Object(Illuminate\\Http\\Request))
#21 /Users/thiemdao/Desktop/project/elon-farm/app/Http/Middleware/Backend.php(17): Illuminate\\Pipeline\\Pipeline->Illuminate\\Pipeline\\{closure}(Object(Illuminate\\Http\\Request))
#22 /Users/thiemdao/Desktop/project/elon-farm/vendor/laravel/framework/src/Illuminate/Pipeline/Pipeline.php(180): App\\Http\\Middleware\\Backend->handle(Object(Illuminate\\Http\\Request), Object(Closure))
#23 /Users/thiemdao/Desktop/project/elon-farm/app/Http/Middleware/LocaleMiddleware.php(24): Illuminate\\Pipeline\\Pipeline->Illuminate\\Pipeline\\{closure}(Object(Illuminate\\Http\\Request))
#24 /Users/thiemdao/Desktop/project/elon-farm/vendor/laravel/framework/src/Illuminate/Pipeline/Pipeline.php(180): App\\Http\\Middleware\\LocaleMiddleware->handle(Object(Illuminate\\Http\\Request), Object(Closure))
#25 /Users/thiemdao/Desktop/project/elon-farm/vendor/laravel/framework/src/Illuminate/Routing/Middleware/SubstituteBindings.php(50): Illuminate\\Pipeline\\Pipeline->Illuminate\\Pipeline\\{closure}(Object(Illuminate\\Http\\Request))
#26 /Users/thiemdao/Desktop/project/elon-farm/vendor/laravel/framework/src/Illuminate/Pipeline/Pipeline.php(180): Illuminate\\Routing\\Middleware\\SubstituteBindings->handle(Object(Illuminate\\Http\\Request), Object(Closure))
#27 /Users/thiemdao/Desktop/project/elon-farm/vendor/laravel/framework/src/Illuminate/Auth/Middleware/Authenticate.php(44): Illuminate\\Pipeline\\Pipeline->Illuminate\\Pipeline\\{closure}(Object(Illuminate\\Http\\Request))
#28 /Users/thiemdao/Desktop/project/elon-farm/vendor/laravel/framework/src/Illuminate/Pipeline/Pipeline.php(180): Illuminate\\Auth\\Middleware\\Authenticate->handle(Object(Illuminate\\Http\\Request), Object(Closure))
#29 /Users/thiemdao/Desktop/project/elon-farm/app/Http/Middleware/Localization.php(24): Illuminate\\Pipeline\\Pipeline->Illuminate\\Pipeline\\{closure}(Object(Illuminate\\Http\\Request))
#30 /Users/thiemdao/Desktop/project/elon-farm/vendor/laravel/framework/src/Illuminate/Pipeline/Pipeline.php(180): App\\Http\\Middleware\\Localization->handle(Object(Illuminate\\Http\\Request), Object(Closure))
#31 /Users/thiemdao/Desktop/project/elon-farm/vendor/laravel/framework/src/Illuminate/Foundation/Http/Middleware/VerifyCsrfToken.php(78): Illuminate\\Pipeline\\Pipeline->Illuminate\\Pipeline\\{closure}(Object(Illuminate\\Http\\Request))
#32 /Users/thiemdao/Desktop/project/elon-farm/vendor/laravel/framework/src/Illuminate/Pipeline/Pipeline.php(180): Illuminate\\Foundation\\Http\\Middleware\\VerifyCsrfToken->handle(Object(Illuminate\\Http\\Request), Object(Closure))
#33 /Users/thiemdao/Desktop/project/elon-farm/vendor/laravel/framework/src/Illuminate/View/Middleware/ShareErrorsFromSession.php(49): Illuminate\\Pipeline\\Pipeline->Illuminate\\Pipeline\\{closure}(Object(Illuminate\\Http\\Request))
#34 /Users/thiemdao/Desktop/project/elon-farm/vendor/laravel/framework/src/Illuminate/Pipeline/Pipeline.php(180): Illuminate\\View\\Middleware\\ShareErrorsFromSession->handle(Object(Illuminate\\Http\\Request), Object(Closure))
#35 /Users/thiemdao/Desktop/project/elon-farm/vendor/laravel/framework/src/Illuminate/Session/Middleware/StartSession.php(121): Illuminate\\Pipeline\\Pipeline->Illuminate\\Pipeline\\{closure}(Object(Illuminate\\Http\\Request))
#36 /Users/thiemdao/Desktop/project/elon-farm/vendor/laravel/framework/src/Illuminate/Session/Middleware/StartSession.php(64): Illuminate\\Session\\Middleware\\StartSession->handleStatefulRequest(Object(Illuminate\\Http\\Request), Object(Illuminate\\Session\\Store), Object(Closure))
#37 /Users/thiemdao/Desktop/project/elon-farm/vendor/laravel/framework/src/Illuminate/Pipeline/Pipeline.php(180): Illuminate\\Session\\Middleware\\StartSession->handle(Object(Illuminate\\Http\\Request), Object(Closure))
#38 /Users/thiemdao/Desktop/project/elon-farm/vendor/laravel/framework/src/Illuminate/Cookie/Middleware/AddQueuedCookiesToResponse.php(37): Illuminate\\Pipeline\\Pipeline->Illuminate\\Pipeline\\{closure}(Object(Illuminate\\Http\\Request))
#39 /Users/thiemdao/Desktop/project/elon-farm/vendor/laravel/framework/src/Illuminate/Pipeline/Pipeline.php(180): Illuminate\\Cookie\\Middleware\\AddQueuedCookiesToResponse->handle(Object(Illuminate\\Http\\Request), Object(Closure))
#40 /Users/thiemdao/Desktop/project/elon-farm/vendor/laravel/framework/src/Illuminate/Cookie/Middleware/EncryptCookies.php(67): Illuminate\\Pipeline\\Pipeline->Illuminate\\Pipeline\\{closure}(Object(Illuminate\\Http\\Request))
#41 /Users/thiemdao/Desktop/project/elon-farm/vendor/laravel/framework/src/Illuminate/Pipeline/Pipeline.php(180): Illuminate\\Cookie\\Middleware\\EncryptCookies->handle(Object(Illuminate\\Http\\Request), Object(Closure))
#42 /Users/thiemdao/Desktop/project/elon-farm/vendor/laravel/framework/src/Illuminate/Pipeline/Pipeline.php(116): Illuminate\\Pipeline\\Pipeline->Illuminate\\Pipeline\\{closure}(Object(Illuminate\\Http\\Request))
#43 /Users/thiemdao/Desktop/project/elon-farm/vendor/laravel/framework/src/Illuminate/Routing/Router.php(797): Illuminate\\Pipeline\\Pipeline->then(Object(Closure))
#44 /Users/thiemdao/Desktop/project/elon-farm/vendor/laravel/framework/src/Illuminate/Routing/Router.php(776): Illuminate\\Routing\\Router->runRouteWithinStack(Object(Illuminate\\Routing\\Route), Object(Illuminate\\Http\\Request))
#45 /Users/thiemdao/Desktop/project/elon-farm/vendor/laravel/framework/src/Illuminate/Routing/Router.php(740): Illuminate\\Routing\\Router->runRoute(Object(Illuminate\\Http\\Request), Object(Illuminate\\Routing\\Route))
#46 /Users/thiemdao/Desktop/project/elon-farm/vendor/laravel/framework/src/Illuminate/Routing/Router.php(729): Illuminate\\Routing\\Router->dispatchToRoute(Object(Illuminate\\Http\\Request))
#47 /Users/thiemdao/Desktop/project/elon-farm/vendor/laravel/framework/src/Illuminate/Foundation/Http/Kernel.php(190): Illuminate\\Routing\\Router->dispatch(Object(Illuminate\\Http\\Request))
#48 /Users/thiemdao/Desktop/project/elon-farm/vendor/laravel/framework/src/Illuminate/Pipeline/Pipeline.php(141): Illuminate\\Foundation\\Http\\Kernel->Illuminate\\Foundation\\Http\\{closure}(Object(Illuminate\\Http\\Request))
#49 /Users/thiemdao/Desktop/project/elon-farm/vendor/laravel/framework/src/Illuminate/Foundation/Http/Middleware/TransformsRequest.php(21): Illuminate\\Pipeline\\Pipeline->Illuminate\\Pipeline\\{closure}(Object(Illuminate\\Http\\Request))
#50 /Users/thiemdao/Desktop/project/elon-farm/vendor/laravel/framework/src/Illuminate/Foundation/Http/Middleware/ConvertEmptyStringsToNull.php(31): Illuminate\\Foundation\\Http\\Middleware\\TransformsRequest->handle(Object(Illuminate\\Http\\Request), Object(Closure))
#51 /Users/thiemdao/Desktop/project/elon-farm/vendor/laravel/framework/src/Illuminate/Pipeline/Pipeline.php(180): Illuminate\\Foundation\\Http\\Middleware\\ConvertEmptyStringsToNull->handle(Object(Illuminate\\Http\\Request), Object(Closure))
#52 /Users/thiemdao/Desktop/project/elon-farm/vendor/laravel/framework/src/Illuminate/Foundation/Http/Middleware/TransformsRequest.php(21): Illuminate\\Pipeline\\Pipeline->Illuminate\\Pipeline\\{closure}(Object(Illuminate\\Http\\Request))
#53 /Users/thiemdao/Desktop/project/elon-farm/vendor/laravel/framework/src/Illuminate/Foundation/Http/Middleware/TrimStrings.php(40): Illuminate\\Foundation\\Http\\Middleware\\TransformsRequest->handle(Object(Illuminate\\Http\\Request), Object(Closure))
#54 /Users/thiemdao/Desktop/project/elon-farm/vendor/laravel/framework/src/Illuminate/Pipeline/Pipeline.php(180): Illuminate\\Foundation\\Http\\Middleware\\TrimStrings->handle(Object(Illuminate\\Http\\Request), Object(Closure))
#55 /Users/thiemdao/Desktop/project/elon-farm/vendor/laravel/framework/src/Illuminate/Foundation/Http/Middleware/ValidatePostSize.php(27): Illuminate\\Pipeline\\Pipeline->Illuminate\\Pipeline\\{closure}(Object(Illuminate\\Http\\Request))
#56 /Users/thiemdao/Desktop/project/elon-farm/vendor/laravel/framework/src/Illuminate/Pipeline/Pipeline.php(180): Illuminate\\Foundation\\Http\\Middleware\\ValidatePostSize->handle(Object(Illuminate\\Http\\Request), Object(Closure))
#57 /Users/thiemdao/Desktop/project/elon-farm/vendor/laravel/framework/src/Illuminate/Foundation/Http/Middleware/PreventRequestsDuringMaintenance.php(86): Illuminate\\Pipeline\\Pipeline->Illuminate\\Pipeline\\{closure}(Object(Illuminate\\Http\\Request))
#58 /Users/thiemdao/Desktop/project/elon-farm/vendor/laravel/framework/src/Illuminate/Pipeline/Pipeline.php(180): Illuminate\\Foundation\\Http\\Middleware\\PreventRequestsDuringMaintenance->handle(Object(Illuminate\\Http\\Request), Object(Closure))
#59 /Users/thiemdao/Desktop/project/elon-farm/vendor/fruitcake/laravel-cors/src/HandleCors.php(38): Illuminate\\Pipeline\\Pipeline->Illuminate\\Pipeline\\{closure}(Object(Illuminate\\Http\\Request))
#60 /Users/thiemdao/Desktop/project/elon-farm/vendor/laravel/framework/src/Illuminate/Pipeline/Pipeline.php(180): Fruitcake\\Cors\\HandleCors->handle(Object(Illuminate\\Http\\Request), Object(Closure))
#61 /Users/thiemdao/Desktop/project/elon-farm/vendor/laravel/framework/src/Illuminate/Http/Middleware/TrustProxies.php(39): Illuminate\\Pipeline\\Pipeline->Illuminate\\Pipeline\\{closure}(Object(Illuminate\\Http\\Request))
#62 /Users/thiemdao/Desktop/project/elon-farm/vendor/laravel/framework/src/Illuminate/Pipeline/Pipeline.php(180): Illuminate\\Http\\Middleware\\TrustProxies->handle(Object(Illuminate\\Http\\Request), Object(Closure))
#63 /Users/thiemdao/Desktop/project/elon-farm/vendor/laravel/framework/src/Illuminate/Pipeline/Pipeline.php(116): Illuminate\\Pipeline\\Pipeline->Illuminate\\Pipeline\\{closure}(Object(Illuminate\\Http\\Request))
#64 /Users/thiemdao/Desktop/project/elon-farm/vendor/laravel/framework/src/Illuminate/Foundation/Http/Kernel.php(165): Illuminate\\Pipeline\\Pipeline->then(Object(Closure))
#65 /Users/thiemdao/Desktop/project/elon-farm/vendor/laravel/framework/src/Illuminate/Foundation/Http/Kernel.php(134): Illuminate\\Foundation\\Http\\Kernel->sendRequestThroughRouter(Object(Illuminate\\Http\\Request))
#66 /Users/thiemdao/Desktop/project/elon-farm/public/index.php(51): Illuminate\\Foundation\\Http\\Kernel->handle(Object(Illuminate\\Http\\Request))
#67 /Users/thiemdao/Desktop/project/elon-farm/server.php(21): require_once('/Users/thiemdao...')
#68 {main}
"} 
[2025-02-20 03:13:39] local.ERROR: Please provide a valid cache path. {"userId":1,"exception":"[object] (InvalidArgumentException(code: 0): Please provide a valid cache path. at /Users/thiemdao/Desktop/project/elon-farm/vendor/laravel/framework/src/Illuminate/View/Compilers/Compiler.php:66)
[stacktrace]
#0 /Users/thiemdao/Desktop/project/elon-farm/vendor/laravel/framework/src/Illuminate/View/ViewServiceProvider.php(96): Illuminate\\View\\Compilers\\Compiler->__construct(Object(Illuminate\\Filesystem\\Filesystem), false, '', true, 'php')
#1 /Users/thiemdao/Desktop/project/elon-farm/vendor/laravel/framework/src/Illuminate/Container/Container.php(885): Illuminate\\View\\ViewServiceProvider->Illuminate\\View\\{closure}(Object(Illuminate\\Foundation\\Application), Array)
#2 /Users/thiemdao/Desktop/project/elon-farm/vendor/laravel/framework/src/Illuminate/Container/Container.php(770): Illuminate\\Container\\Container->build(Object(Closure))
#3 /Users/thiemdao/Desktop/project/elon-farm/vendor/laravel/framework/src/Illuminate/Foundation/Application.php(856): Illuminate\\Container\\Container->resolve('blade.compiler', Array, true)
#4 /Users/thiemdao/Desktop/project/elon-farm/vendor/laravel/framework/src/Illuminate/Container/Container.php(706): Illuminate\\Foundation\\Application->resolve('blade.compiler', Array)
#5 /Users/thiemdao/Desktop/project/elon-farm/vendor/laravel/framework/src/Illuminate/Foundation/Application.php(841): Illuminate\\Container\\Container->make('blade.compiler', Array)
#6 /Users/thiemdao/Desktop/project/elon-farm/vendor/laravel/framework/src/Illuminate/Container/Container.php(1431): Illuminate\\Foundation\\Application->make('blade.compiler')
#7 /Users/thiemdao/Desktop/project/elon-farm/vendor/laravel/framework/src/Illuminate/View/ViewServiceProvider.php(164): Illuminate\\Container\\Container->offsetGet('blade.compiler')
#8 [internal function]: Illuminate\\View\\ViewServiceProvider->Illuminate\\View\\{closure}()
#9 /Users/thiemdao/Desktop/project/elon-farm/vendor/laravel/framework/src/Illuminate/View/Engines/EngineResolver.php(55): call_user_func(Object(Closure))
#10 /Users/thiemdao/Desktop/project/elon-farm/vendor/laravel/framework/src/Illuminate/View/Factory.php(310): Illuminate\\View\\Engines\\EngineResolver->resolve('blade')
#11 /Users/thiemdao/Desktop/project/elon-farm/vendor/laravel/framework/src/Illuminate/View/Factory.php(274): Illuminate\\View\\Factory->getEngineFromPath('/Users/thiemdao...')
#12 /Users/thiemdao/Desktop/project/elon-farm/vendor/laravel/framework/src/Illuminate/View/Factory.php(146): Illuminate\\View\\Factory->viewInstance('admin.index', '/Users/thiemdao...', Array)
#13 /Users/thiemdao/Desktop/project/elon-farm/vendor/laravel/framework/src/Illuminate/Foundation/helpers.php(1035): Illuminate\\View\\Factory->make('admin.index', Array, Array)
#14 /Users/thiemdao/Desktop/project/elon-farm/app/Http/Controllers/Admin/AdminController.php(26): view('admin.index', Array)
#15 /Users/thiemdao/Desktop/project/elon-farm/vendor/laravel/framework/src/Illuminate/Routing/Controller.php(54): App\\Http\\Controllers\\Admin\\AdminController->index()
#16 /Users/thiemdao/Desktop/project/elon-farm/vendor/laravel/framework/src/Illuminate/Routing/ControllerDispatcher.php(43): Illuminate\\Routing\\Controller->callAction('index', Array)
#17 /Users/thiemdao/Desktop/project/elon-farm/vendor/laravel/framework/src/Illuminate/Routing/Route.php(259): Illuminate\\Routing\\ControllerDispatcher->dispatch(Object(Illuminate\\Routing\\Route), Object(App\\Http\\Controllers\\Admin\\AdminController), 'index')
#18 /Users/thiemdao/Desktop/project/elon-farm/vendor/laravel/framework/src/Illuminate/Routing/Route.php(205): Illuminate\\Routing\\Route->runController()
#19 /Users/thiemdao/Desktop/project/elon-farm/vendor/laravel/framework/src/Illuminate/Routing/Router.php(798): Illuminate\\Routing\\Route->run()
#20 /Users/thiemdao/Desktop/project/elon-farm/vendor/laravel/framework/src/Illuminate/Pipeline/Pipeline.php(141): Illuminate\\Routing\\Router->Illuminate\\Routing\\{closure}(Object(Illuminate\\Http\\Request))
#21 /Users/thiemdao/Desktop/project/elon-farm/app/Http/Middleware/Backend.php(17): Illuminate\\Pipeline\\Pipeline->Illuminate\\Pipeline\\{closure}(Object(Illuminate\\Http\\Request))
#22 /Users/thiemdao/Desktop/project/elon-farm/vendor/laravel/framework/src/Illuminate/Pipeline/Pipeline.php(180): App\\Http\\Middleware\\Backend->handle(Object(Illuminate\\Http\\Request), Object(Closure))
#23 /Users/thiemdao/Desktop/project/elon-farm/app/Http/Middleware/LocaleMiddleware.php(24): Illuminate\\Pipeline\\Pipeline->Illuminate\\Pipeline\\{closure}(Object(Illuminate\\Http\\Request))
#24 /Users/thiemdao/Desktop/project/elon-farm/vendor/laravel/framework/src/Illuminate/Pipeline/Pipeline.php(180): App\\Http\\Middleware\\LocaleMiddleware->handle(Object(Illuminate\\Http\\Request), Object(Closure))
#25 /Users/thiemdao/Desktop/project/elon-farm/vendor/laravel/framework/src/Illuminate/Routing/Middleware/SubstituteBindings.php(50): Illuminate\\Pipeline\\Pipeline->Illuminate\\Pipeline\\{closure}(Object(Illuminate\\Http\\Request))
#26 /Users/thiemdao/Desktop/project/elon-farm/vendor/laravel/framework/src/Illuminate/Pipeline/Pipeline.php(180): Illuminate\\Routing\\Middleware\\SubstituteBindings->handle(Object(Illuminate\\Http\\Request), Object(Closure))
#27 /Users/thiemdao/Desktop/project/elon-farm/vendor/laravel/framework/src/Illuminate/Auth/Middleware/Authenticate.php(44): Illuminate\\Pipeline\\Pipeline->Illuminate\\Pipeline\\{closure}(Object(Illuminate\\Http\\Request))
#28 /Users/thiemdao/Desktop/project/elon-farm/vendor/laravel/framework/src/Illuminate/Pipeline/Pipeline.php(180): Illuminate\\Auth\\Middleware\\Authenticate->handle(Object(Illuminate\\Http\\Request), Object(Closure))
#29 /Users/thiemdao/Desktop/project/elon-farm/app/Http/Middleware/Localization.php(24): Illuminate\\Pipeline\\Pipeline->Illuminate\\Pipeline\\{closure}(Object(Illuminate\\Http\\Request))
#30 /Users/thiemdao/Desktop/project/elon-farm/vendor/laravel/framework/src/Illuminate/Pipeline/Pipeline.php(180): App\\Http\\Middleware\\Localization->handle(Object(Illuminate\\Http\\Request), Object(Closure))
#31 /Users/thiemdao/Desktop/project/elon-farm/vendor/laravel/framework/src/Illuminate/Foundation/Http/Middleware/VerifyCsrfToken.php(78): Illuminate\\Pipeline\\Pipeline->Illuminate\\Pipeline\\{closure}(Object(Illuminate\\Http\\Request))
#32 /Users/thiemdao/Desktop/project/elon-farm/vendor/laravel/framework/src/Illuminate/Pipeline/Pipeline.php(180): Illuminate\\Foundation\\Http\\Middleware\\VerifyCsrfToken->handle(Object(Illuminate\\Http\\Request), Object(Closure))
#33 /Users/thiemdao/Desktop/project/elon-farm/vendor/laravel/framework/src/Illuminate/View/Middleware/ShareErrorsFromSession.php(49): Illuminate\\Pipeline\\Pipeline->Illuminate\\Pipeline\\{closure}(Object(Illuminate\\Http\\Request))
#34 /Users/thiemdao/Desktop/project/elon-farm/vendor/laravel/framework/src/Illuminate/Pipeline/Pipeline.php(180): Illuminate\\View\\Middleware\\ShareErrorsFromSession->handle(Object(Illuminate\\Http\\Request), Object(Closure))
#35 /Users/thiemdao/Desktop/project/elon-farm/vendor/laravel/framework/src/Illuminate/Session/Middleware/StartSession.php(121): Illuminate\\Pipeline\\Pipeline->Illuminate\\Pipeline\\{closure}(Object(Illuminate\\Http\\Request))
#36 /Users/thiemdao/Desktop/project/elon-farm/vendor/laravel/framework/src/Illuminate/Session/Middleware/StartSession.php(64): Illuminate\\Session\\Middleware\\StartSession->handleStatefulRequest(Object(Illuminate\\Http\\Request), Object(Illuminate\\Session\\Store), Object(Closure))
#37 /Users/thiemdao/Desktop/project/elon-farm/vendor/laravel/framework/src/Illuminate/Pipeline/Pipeline.php(180): Illuminate\\Session\\Middleware\\StartSession->handle(Object(Illuminate\\Http\\Request), Object(Closure))
#38 /Users/thiemdao/Desktop/project/elon-farm/vendor/laravel/framework/src/Illuminate/Cookie/Middleware/AddQueuedCookiesToResponse.php(37): Illuminate\\Pipeline\\Pipeline->Illuminate\\Pipeline\\{closure}(Object(Illuminate\\Http\\Request))
#39 /Users/thiemdao/Desktop/project/elon-farm/vendor/laravel/framework/src/Illuminate/Pipeline/Pipeline.php(180): Illuminate\\Cookie\\Middleware\\AddQueuedCookiesToResponse->handle(Object(Illuminate\\Http\\Request), Object(Closure))
#40 /Users/thiemdao/Desktop/project/elon-farm/vendor/laravel/framework/src/Illuminate/Cookie/Middleware/EncryptCookies.php(67): Illuminate\\Pipeline\\Pipeline->Illuminate\\Pipeline\\{closure}(Object(Illuminate\\Http\\Request))
#41 /Users/thiemdao/Desktop/project/elon-farm/vendor/laravel/framework/src/Illuminate/Pipeline/Pipeline.php(180): Illuminate\\Cookie\\Middleware\\EncryptCookies->handle(Object(Illuminate\\Http\\Request), Object(Closure))
#42 /Users/thiemdao/Desktop/project/elon-farm/vendor/laravel/framework/src/Illuminate/Pipeline/Pipeline.php(116): Illuminate\\Pipeline\\Pipeline->Illuminate\\Pipeline\\{closure}(Object(Illuminate\\Http\\Request))
#43 /Users/thiemdao/Desktop/project/elon-farm/vendor/laravel/framework/src/Illuminate/Routing/Router.php(797): Illuminate\\Pipeline\\Pipeline->then(Object(Closure))
#44 /Users/thiemdao/Desktop/project/elon-farm/vendor/laravel/framework/src/Illuminate/Routing/Router.php(776): Illuminate\\Routing\\Router->runRouteWithinStack(Object(Illuminate\\Routing\\Route), Object(Illuminate\\Http\\Request))
#45 /Users/thiemdao/Desktop/project/elon-farm/vendor/laravel/framework/src/Illuminate/Routing/Router.php(740): Illuminate\\Routing\\Router->runRoute(Object(Illuminate\\Http\\Request), Object(Illuminate\\Routing\\Route))
#46 /Users/thiemdao/Desktop/project/elon-farm/vendor/laravel/framework/src/Illuminate/Routing/Router.php(729): Illuminate\\Routing\\Router->dispatchToRoute(Object(Illuminate\\Http\\Request))
#47 /Users/thiemdao/Desktop/project/elon-farm/vendor/laravel/framework/src/Illuminate/Foundation/Http/Kernel.php(190): Illuminate\\Routing\\Router->dispatch(Object(Illuminate\\Http\\Request))
#48 /Users/thiemdao/Desktop/project/elon-farm/vendor/laravel/framework/src/Illuminate/Pipeline/Pipeline.php(141): Illuminate\\Foundation\\Http\\Kernel->Illuminate\\Foundation\\Http\\{closure}(Object(Illuminate\\Http\\Request))
#49 /Users/thiemdao/Desktop/project/elon-farm/vendor/laravel/framework/src/Illuminate/Foundation/Http/Middleware/TransformsRequest.php(21): Illuminate\\Pipeline\\Pipeline->Illuminate\\Pipeline\\{closure}(Object(Illuminate\\Http\\Request))
#50 /Users/thiemdao/Desktop/project/elon-farm/vendor/laravel/framework/src/Illuminate/Foundation/Http/Middleware/ConvertEmptyStringsToNull.php(31): Illuminate\\Foundation\\Http\\Middleware\\TransformsRequest->handle(Object(Illuminate\\Http\\Request), Object(Closure))
#51 /Users/thiemdao/Desktop/project/elon-farm/vendor/laravel/framework/src/Illuminate/Pipeline/Pipeline.php(180): Illuminate\\Foundation\\Http\\Middleware\\ConvertEmptyStringsToNull->handle(Object(Illuminate\\Http\\Request), Object(Closure))
#52 /Users/thiemdao/Desktop/project/elon-farm/vendor/laravel/framework/src/Illuminate/Foundation/Http/Middleware/TransformsRequest.php(21): Illuminate\\Pipeline\\Pipeline->Illuminate\\Pipeline\\{closure}(Object(Illuminate\\Http\\Request))
#53 /Users/thiemdao/Desktop/project/elon-farm/vendor/laravel/framework/src/Illuminate/Foundation/Http/Middleware/TrimStrings.php(40): Illuminate\\Foundation\\Http\\Middleware\\TransformsRequest->handle(Object(Illuminate\\Http\\Request), Object(Closure))
#54 /Users/thiemdao/Desktop/project/elon-farm/vendor/laravel/framework/src/Illuminate/Pipeline/Pipeline.php(180): Illuminate\\Foundation\\Http\\Middleware\\TrimStrings->handle(Object(Illuminate\\Http\\Request), Object(Closure))
#55 /Users/thiemdao/Desktop/project/elon-farm/vendor/laravel/framework/src/Illuminate/Foundation/Http/Middleware/ValidatePostSize.php(27): Illuminate\\Pipeline\\Pipeline->Illuminate\\Pipeline\\{closure}(Object(Illuminate\\Http\\Request))
#56 /Users/thiemdao/Desktop/project/elon-farm/vendor/laravel/framework/src/Illuminate/Pipeline/Pipeline.php(180): Illuminate\\Foundation\\Http\\Middleware\\ValidatePostSize->handle(Object(Illuminate\\Http\\Request), Object(Closure))
#57 /Users/thiemdao/Desktop/project/elon-farm/vendor/laravel/framework/src/Illuminate/Foundation/Http/Middleware/PreventRequestsDuringMaintenance.php(86): Illuminate\\Pipeline\\Pipeline->Illuminate\\Pipeline\\{closure}(Object(Illuminate\\Http\\Request))
#58 /Users/thiemdao/Desktop/project/elon-farm/vendor/laravel/framework/src/Illuminate/Pipeline/Pipeline.php(180): Illuminate\\Foundation\\Http\\Middleware\\PreventRequestsDuringMaintenance->handle(Object(Illuminate\\Http\\Request), Object(Closure))
#59 /Users/thiemdao/Desktop/project/elon-farm/vendor/fruitcake/laravel-cors/src/HandleCors.php(38): Illuminate\\Pipeline\\Pipeline->Illuminate\\Pipeline\\{closure}(Object(Illuminate\\Http\\Request))
#60 /Users/thiemdao/Desktop/project/elon-farm/vendor/laravel/framework/src/Illuminate/Pipeline/Pipeline.php(180): Fruitcake\\Cors\\HandleCors->handle(Object(Illuminate\\Http\\Request), Object(Closure))
#61 /Users/thiemdao/Desktop/project/elon-farm/vendor/laravel/framework/src/Illuminate/Http/Middleware/TrustProxies.php(39): Illuminate\\Pipeline\\Pipeline->Illuminate\\Pipeline\\{closure}(Object(Illuminate\\Http\\Request))
#62 /Users/thiemdao/Desktop/project/elon-farm/vendor/laravel/framework/src/Illuminate/Pipeline/Pipeline.php(180): Illuminate\\Http\\Middleware\\TrustProxies->handle(Object(Illuminate\\Http\\Request), Object(Closure))
#63 /Users/thiemdao/Desktop/project/elon-farm/vendor/laravel/framework/src/Illuminate/Pipeline/Pipeline.php(116): Illuminate\\Pipeline\\Pipeline->Illuminate\\Pipeline\\{closure}(Object(Illuminate\\Http\\Request))
#64 /Users/thiemdao/Desktop/project/elon-farm/vendor/laravel/framework/src/Illuminate/Foundation/Http/Kernel.php(165): Illuminate\\Pipeline\\Pipeline->then(Object(Closure))
#65 /Users/thiemdao/Desktop/project/elon-farm/vendor/laravel/framework/src/Illuminate/Foundation/Http/Kernel.php(134): Illuminate\\Foundation\\Http\\Kernel->sendRequestThroughRouter(Object(Illuminate\\Http\\Request))
#66 /Users/thiemdao/Desktop/project/elon-farm/public/index.php(51): Illuminate\\Foundation\\Http\\Kernel->handle(Object(Illuminate\\Http\\Request))
#67 /Users/thiemdao/Desktop/project/elon-farm/server.php(21): require_once('/Users/thiemdao...')
#68 {main}
"} 
[2025-02-20 03:13:39] local.ERROR: Please provide a valid cache path. {"userId":1,"exception":"[object] (InvalidArgumentException(code: 0): Please provide a valid cache path. at /Users/thiemdao/Desktop/project/elon-farm/vendor/laravel/framework/src/Illuminate/View/Compilers/Compiler.php:66)
[stacktrace]
#0 /Users/thiemdao/Desktop/project/elon-farm/vendor/laravel/framework/src/Illuminate/View/ViewServiceProvider.php(96): Illuminate\\View\\Compilers\\Compiler->__construct(Object(Illuminate\\Filesystem\\Filesystem), false, '', true, 'php')
#1 /Users/thiemdao/Desktop/project/elon-farm/vendor/laravel/framework/src/Illuminate/Container/Container.php(885): Illuminate\\View\\ViewServiceProvider->Illuminate\\View\\{closure}(Object(Illuminate\\Foundation\\Application), Array)
#2 /Users/thiemdao/Desktop/project/elon-farm/vendor/laravel/framework/src/Illuminate/Container/Container.php(770): Illuminate\\Container\\Container->build(Object(Closure))
#3 /Users/thiemdao/Desktop/project/elon-farm/vendor/laravel/framework/src/Illuminate/Foundation/Application.php(856): Illuminate\\Container\\Container->resolve('blade.compiler', Array, true)
#4 /Users/thiemdao/Desktop/project/elon-farm/vendor/laravel/framework/src/Illuminate/Container/Container.php(706): Illuminate\\Foundation\\Application->resolve('blade.compiler', Array)
#5 /Users/thiemdao/Desktop/project/elon-farm/vendor/laravel/framework/src/Illuminate/Foundation/Application.php(841): Illuminate\\Container\\Container->make('blade.compiler', Array)
#6 /Users/thiemdao/Desktop/project/elon-farm/vendor/laravel/framework/src/Illuminate/Container/Container.php(1431): Illuminate\\Foundation\\Application->make('blade.compiler')
#7 /Users/thiemdao/Desktop/project/elon-farm/vendor/laravel/framework/src/Illuminate/View/ViewServiceProvider.php(164): Illuminate\\Container\\Container->offsetGet('blade.compiler')
#8 [internal function]: Illuminate\\View\\ViewServiceProvider->Illuminate\\View\\{closure}()
#9 /Users/thiemdao/Desktop/project/elon-farm/vendor/laravel/framework/src/Illuminate/View/Engines/EngineResolver.php(55): call_user_func(Object(Closure))
#10 /Users/thiemdao/Desktop/project/elon-farm/vendor/laravel/framework/src/Illuminate/View/Factory.php(310): Illuminate\\View\\Engines\\EngineResolver->resolve('blade')
#11 /Users/thiemdao/Desktop/project/elon-farm/vendor/laravel/framework/src/Illuminate/View/Factory.php(274): Illuminate\\View\\Factory->getEngineFromPath('/Users/thiemdao...')
#12 /Users/thiemdao/Desktop/project/elon-farm/vendor/laravel/framework/src/Illuminate/View/Factory.php(146): Illuminate\\View\\Factory->viewInstance('admin.index', '/Users/thiemdao...', Array)
#13 /Users/thiemdao/Desktop/project/elon-farm/vendor/laravel/framework/src/Illuminate/Foundation/helpers.php(1035): Illuminate\\View\\Factory->make('admin.index', Array, Array)
#14 /Users/thiemdao/Desktop/project/elon-farm/app/Http/Controllers/Admin/AdminController.php(26): view('admin.index', Array)
#15 /Users/thiemdao/Desktop/project/elon-farm/vendor/laravel/framework/src/Illuminate/Routing/Controller.php(54): App\\Http\\Controllers\\Admin\\AdminController->index()
#16 /Users/thiemdao/Desktop/project/elon-farm/vendor/laravel/framework/src/Illuminate/Routing/ControllerDispatcher.php(43): Illuminate\\Routing\\Controller->callAction('index', Array)
#17 /Users/thiemdao/Desktop/project/elon-farm/vendor/laravel/framework/src/Illuminate/Routing/Route.php(259): Illuminate\\Routing\\ControllerDispatcher->dispatch(Object(Illuminate\\Routing\\Route), Object(App\\Http\\Controllers\\Admin\\AdminController), 'index')
#18 /Users/thiemdao/Desktop/project/elon-farm/vendor/laravel/framework/src/Illuminate/Routing/Route.php(205): Illuminate\\Routing\\Route->runController()
#19 /Users/thiemdao/Desktop/project/elon-farm/vendor/laravel/framework/src/Illuminate/Routing/Router.php(798): Illuminate\\Routing\\Route->run()
#20 /Users/thiemdao/Desktop/project/elon-farm/vendor/laravel/framework/src/Illuminate/Pipeline/Pipeline.php(141): Illuminate\\Routing\\Router->Illuminate\\Routing\\{closure}(Object(Illuminate\\Http\\Request))
#21 /Users/thiemdao/Desktop/project/elon-farm/app/Http/Middleware/Backend.php(17): Illuminate\\Pipeline\\Pipeline->Illuminate\\Pipeline\\{closure}(Object(Illuminate\\Http\\Request))
#22 /Users/thiemdao/Desktop/project/elon-farm/vendor/laravel/framework/src/Illuminate/Pipeline/Pipeline.php(180): App\\Http\\Middleware\\Backend->handle(Object(Illuminate\\Http\\Request), Object(Closure))
#23 /Users/thiemdao/Desktop/project/elon-farm/app/Http/Middleware/LocaleMiddleware.php(24): Illuminate\\Pipeline\\Pipeline->Illuminate\\Pipeline\\{closure}(Object(Illuminate\\Http\\Request))
#24 /Users/thiemdao/Desktop/project/elon-farm/vendor/laravel/framework/src/Illuminate/Pipeline/Pipeline.php(180): App\\Http\\Middleware\\LocaleMiddleware->handle(Object(Illuminate\\Http\\Request), Object(Closure))
#25 /Users/thiemdao/Desktop/project/elon-farm/vendor/laravel/framework/src/Illuminate/Routing/Middleware/SubstituteBindings.php(50): Illuminate\\Pipeline\\Pipeline->Illuminate\\Pipeline\\{closure}(Object(Illuminate\\Http\\Request))
#26 /Users/thiemdao/Desktop/project/elon-farm/vendor/laravel/framework/src/Illuminate/Pipeline/Pipeline.php(180): Illuminate\\Routing\\Middleware\\SubstituteBindings->handle(Object(Illuminate\\Http\\Request), Object(Closure))
#27 /Users/thiemdao/Desktop/project/elon-farm/vendor/laravel/framework/src/Illuminate/Auth/Middleware/Authenticate.php(44): Illuminate\\Pipeline\\Pipeline->Illuminate\\Pipeline\\{closure}(Object(Illuminate\\Http\\Request))
#28 /Users/thiemdao/Desktop/project/elon-farm/vendor/laravel/framework/src/Illuminate/Pipeline/Pipeline.php(180): Illuminate\\Auth\\Middleware\\Authenticate->handle(Object(Illuminate\\Http\\Request), Object(Closure))
#29 /Users/thiemdao/Desktop/project/elon-farm/app/Http/Middleware/Localization.php(24): Illuminate\\Pipeline\\Pipeline->Illuminate\\Pipeline\\{closure}(Object(Illuminate\\Http\\Request))
#30 /Users/thiemdao/Desktop/project/elon-farm/vendor/laravel/framework/src/Illuminate/Pipeline/Pipeline.php(180): App\\Http\\Middleware\\Localization->handle(Object(Illuminate\\Http\\Request), Object(Closure))
#31 /Users/thiemdao/Desktop/project/elon-farm/vendor/laravel/framework/src/Illuminate/Foundation/Http/Middleware/VerifyCsrfToken.php(78): Illuminate\\Pipeline\\Pipeline->Illuminate\\Pipeline\\{closure}(Object(Illuminate\\Http\\Request))
#32 /Users/thiemdao/Desktop/project/elon-farm/vendor/laravel/framework/src/Illuminate/Pipeline/Pipeline.php(180): Illuminate\\Foundation\\Http\\Middleware\\VerifyCsrfToken->handle(Object(Illuminate\\Http\\Request), Object(Closure))
#33 /Users/thiemdao/Desktop/project/elon-farm/vendor/laravel/framework/src/Illuminate/View/Middleware/ShareErrorsFromSession.php(49): Illuminate\\Pipeline\\Pipeline->Illuminate\\Pipeline\\{closure}(Object(Illuminate\\Http\\Request))
#34 /Users/thiemdao/Desktop/project/elon-farm/vendor/laravel/framework/src/Illuminate/Pipeline/Pipeline.php(180): Illuminate\\View\\Middleware\\ShareErrorsFromSession->handle(Object(Illuminate\\Http\\Request), Object(Closure))
#35 /Users/thiemdao/Desktop/project/elon-farm/vendor/laravel/framework/src/Illuminate/Session/Middleware/StartSession.php(121): Illuminate\\Pipeline\\Pipeline->Illuminate\\Pipeline\\{closure}(Object(Illuminate\\Http\\Request))
#36 /Users/thiemdao/Desktop/project/elon-farm/vendor/laravel/framework/src/Illuminate/Session/Middleware/StartSession.php(64): Illuminate\\Session\\Middleware\\StartSession->handleStatefulRequest(Object(Illuminate\\Http\\Request), Object(Illuminate\\Session\\Store), Object(Closure))
#37 /Users/thiemdao/Desktop/project/elon-farm/vendor/laravel/framework/src/Illuminate/Pipeline/Pipeline.php(180): Illuminate\\Session\\Middleware\\StartSession->handle(Object(Illuminate\\Http\\Request), Object(Closure))
#38 /Users/thiemdao/Desktop/project/elon-farm/vendor/laravel/framework/src/Illuminate/Cookie/Middleware/AddQueuedCookiesToResponse.php(37): Illuminate\\Pipeline\\Pipeline->Illuminate\\Pipeline\\{closure}(Object(Illuminate\\Http\\Request))
#39 /Users/thiemdao/Desktop/project/elon-farm/vendor/laravel/framework/src/Illuminate/Pipeline/Pipeline.php(180): Illuminate\\Cookie\\Middleware\\AddQueuedCookiesToResponse->handle(Object(Illuminate\\Http\\Request), Object(Closure))
#40 /Users/thiemdao/Desktop/project/elon-farm/vendor/laravel/framework/src/Illuminate/Cookie/Middleware/EncryptCookies.php(67): Illuminate\\Pipeline\\Pipeline->Illuminate\\Pipeline\\{closure}(Object(Illuminate\\Http\\Request))
#41 /Users/thiemdao/Desktop/project/elon-farm/vendor/laravel/framework/src/Illuminate/Pipeline/Pipeline.php(180): Illuminate\\Cookie\\Middleware\\EncryptCookies->handle(Object(Illuminate\\Http\\Request), Object(Closure))
#42 /Users/thiemdao/Desktop/project/elon-farm/vendor/laravel/framework/src/Illuminate/Pipeline/Pipeline.php(116): Illuminate\\Pipeline\\Pipeline->Illuminate\\Pipeline\\{closure}(Object(Illuminate\\Http\\Request))
#43 /Users/thiemdao/Desktop/project/elon-farm/vendor/laravel/framework/src/Illuminate/Routing/Router.php(797): Illuminate\\Pipeline\\Pipeline->then(Object(Closure))
#44 /Users/thiemdao/Desktop/project/elon-farm/vendor/laravel/framework/src/Illuminate/Routing/Router.php(776): Illuminate\\Routing\\Router->runRouteWithinStack(Object(Illuminate\\Routing\\Route), Object(Illuminate\\Http\\Request))
#45 /Users/thiemdao/Desktop/project/elon-farm/vendor/laravel/framework/src/Illuminate/Routing/Router.php(740): Illuminate\\Routing\\Router->runRoute(Object(Illuminate\\Http\\Request), Object(Illuminate\\Routing\\Route))
#46 /Users/thiemdao/Desktop/project/elon-farm/vendor/laravel/framework/src/Illuminate/Routing/Router.php(729): Illuminate\\Routing\\Router->dispatchToRoute(Object(Illuminate\\Http\\Request))
#47 /Users/thiemdao/Desktop/project/elon-farm/vendor/laravel/framework/src/Illuminate/Foundation/Http/Kernel.php(190): Illuminate\\Routing\\Router->dispatch(Object(Illuminate\\Http\\Request))
#48 /Users/thiemdao/Desktop/project/elon-farm/vendor/laravel/framework/src/Illuminate/Pipeline/Pipeline.php(141): Illuminate\\Foundation\\Http\\Kernel->Illuminate\\Foundation\\Http\\{closure}(Object(Illuminate\\Http\\Request))
#49 /Users/thiemdao/Desktop/project/elon-farm/vendor/laravel/framework/src/Illuminate/Foundation/Http/Middleware/TransformsRequest.php(21): Illuminate\\Pipeline\\Pipeline->Illuminate\\Pipeline\\{closure}(Object(Illuminate\\Http\\Request))
#50 /Users/thiemdao/Desktop/project/elon-farm/vendor/laravel/framework/src/Illuminate/Foundation/Http/Middleware/ConvertEmptyStringsToNull.php(31): Illuminate\\Foundation\\Http\\Middleware\\TransformsRequest->handle(Object(Illuminate\\Http\\Request), Object(Closure))
#51 /Users/thiemdao/Desktop/project/elon-farm/vendor/laravel/framework/src/Illuminate/Pipeline/Pipeline.php(180): Illuminate\\Foundation\\Http\\Middleware\\ConvertEmptyStringsToNull->handle(Object(Illuminate\\Http\\Request), Object(Closure))
#52 /Users/thiemdao/Desktop/project/elon-farm/vendor/laravel/framework/src/Illuminate/Foundation/Http/Middleware/TransformsRequest.php(21): Illuminate\\Pipeline\\Pipeline->Illuminate\\Pipeline\\{closure}(Object(Illuminate\\Http\\Request))
#53 /Users/thiemdao/Desktop/project/elon-farm/vendor/laravel/framework/src/Illuminate/Foundation/Http/Middleware/TrimStrings.php(40): Illuminate\\Foundation\\Http\\Middleware\\TransformsRequest->handle(Object(Illuminate\\Http\\Request), Object(Closure))
#54 /Users/thiemdao/Desktop/project/elon-farm/vendor/laravel/framework/src/Illuminate/Pipeline/Pipeline.php(180): Illuminate\\Foundation\\Http\\Middleware\\TrimStrings->handle(Object(Illuminate\\Http\\Request), Object(Closure))
#55 /Users/thiemdao/Desktop/project/elon-farm/vendor/laravel/framework/src/Illuminate/Foundation/Http/Middleware/ValidatePostSize.php(27): Illuminate\\Pipeline\\Pipeline->Illuminate\\Pipeline\\{closure}(Object(Illuminate\\Http\\Request))
#56 /Users/thiemdao/Desktop/project/elon-farm/vendor/laravel/framework/src/Illuminate/Pipeline/Pipeline.php(180): Illuminate\\Foundation\\Http\\Middleware\\ValidatePostSize->handle(Object(Illuminate\\Http\\Request), Object(Closure))
#57 /Users/thiemdao/Desktop/project/elon-farm/vendor/laravel/framework/src/Illuminate/Foundation/Http/Middleware/PreventRequestsDuringMaintenance.php(86): Illuminate\\Pipeline\\Pipeline->Illuminate\\Pipeline\\{closure}(Object(Illuminate\\Http\\Request))
#58 /Users/thiemdao/Desktop/project/elon-farm/vendor/laravel/framework/src/Illuminate/Pipeline/Pipeline.php(180): Illuminate\\Foundation\\Http\\Middleware\\PreventRequestsDuringMaintenance->handle(Object(Illuminate\\Http\\Request), Object(Closure))
#59 /Users/thiemdao/Desktop/project/elon-farm/vendor/fruitcake/laravel-cors/src/HandleCors.php(38): Illuminate\\Pipeline\\Pipeline->Illuminate\\Pipeline\\{closure}(Object(Illuminate\\Http\\Request))
#60 /Users/thiemdao/Desktop/project/elon-farm/vendor/laravel/framework/src/Illuminate/Pipeline/Pipeline.php(180): Fruitcake\\Cors\\HandleCors->handle(Object(Illuminate\\Http\\Request), Object(Closure))
#61 /Users/thiemdao/Desktop/project/elon-farm/vendor/laravel/framework/src/Illuminate/Http/Middleware/TrustProxies.php(39): Illuminate\\Pipeline\\Pipeline->Illuminate\\Pipeline\\{closure}(Object(Illuminate\\Http\\Request))
#62 /Users/thiemdao/Desktop/project/elon-farm/vendor/laravel/framework/src/Illuminate/Pipeline/Pipeline.php(180): Illuminate\\Http\\Middleware\\TrustProxies->handle(Object(Illuminate\\Http\\Request), Object(Closure))
#63 /Users/thiemdao/Desktop/project/elon-farm/vendor/laravel/framework/src/Illuminate/Pipeline/Pipeline.php(116): Illuminate\\Pipeline\\Pipeline->Illuminate\\Pipeline\\{closure}(Object(Illuminate\\Http\\Request))
#64 /Users/thiemdao/Desktop/project/elon-farm/vendor/laravel/framework/src/Illuminate/Foundation/Http/Kernel.php(165): Illuminate\\Pipeline\\Pipeline->then(Object(Closure))
#65 /Users/thiemdao/Desktop/project/elon-farm/vendor/laravel/framework/src/Illuminate/Foundation/Http/Kernel.php(134): Illuminate\\Foundation\\Http\\Kernel->sendRequestThroughRouter(Object(Illuminate\\Http\\Request))
#66 /Users/thiemdao/Desktop/project/elon-farm/public/index.php(51): Illuminate\\Foundation\\Http\\Kernel->handle(Object(Illuminate\\Http\\Request))
#67 /Users/thiemdao/Desktop/project/elon-farm/server.php(21): require_once('/Users/thiemdao...')
#68 {main}
"} 
[2025-02-20 03:14:04] local.ERROR: Please provide a valid cache path. {"userId":1,"exception":"[object] (InvalidArgumentException(code: 0): Please provide a valid cache path. at /Users/thiemdao/Desktop/project/elon-farm/vendor/laravel/framework/src/Illuminate/View/Compilers/Compiler.php:66)
[stacktrace]
#0 /Users/thiemdao/Desktop/project/elon-farm/vendor/laravel/framework/src/Illuminate/View/ViewServiceProvider.php(96): Illuminate\\View\\Compilers\\Compiler->__construct(Object(Illuminate\\Filesystem\\Filesystem), false, '', true, 'php')
#1 /Users/thiemdao/Desktop/project/elon-farm/vendor/laravel/framework/src/Illuminate/Container/Container.php(885): Illuminate\\View\\ViewServiceProvider->Illuminate\\View\\{closure}(Object(Illuminate\\Foundation\\Application), Array)
#2 /Users/thiemdao/Desktop/project/elon-farm/vendor/laravel/framework/src/Illuminate/Container/Container.php(770): Illuminate\\Container\\Container->build(Object(Closure))
#3 /Users/thiemdao/Desktop/project/elon-farm/vendor/laravel/framework/src/Illuminate/Foundation/Application.php(856): Illuminate\\Container\\Container->resolve('blade.compiler', Array, true)
#4 /Users/thiemdao/Desktop/project/elon-farm/vendor/laravel/framework/src/Illuminate/Container/Container.php(706): Illuminate\\Foundation\\Application->resolve('blade.compiler', Array)
#5 /Users/thiemdao/Desktop/project/elon-farm/vendor/laravel/framework/src/Illuminate/Foundation/Application.php(841): Illuminate\\Container\\Container->make('blade.compiler', Array)
#6 /Users/thiemdao/Desktop/project/elon-farm/vendor/laravel/framework/src/Illuminate/Container/Container.php(1431): Illuminate\\Foundation\\Application->make('blade.compiler')
#7 /Users/thiemdao/Desktop/project/elon-farm/vendor/laravel/framework/src/Illuminate/View/ViewServiceProvider.php(164): Illuminate\\Container\\Container->offsetGet('blade.compiler')
#8 [internal function]: Illuminate\\View\\ViewServiceProvider->Illuminate\\View\\{closure}()
#9 /Users/thiemdao/Desktop/project/elon-farm/vendor/laravel/framework/src/Illuminate/View/Engines/EngineResolver.php(55): call_user_func(Object(Closure))
#10 /Users/thiemdao/Desktop/project/elon-farm/vendor/laravel/framework/src/Illuminate/View/Factory.php(310): Illuminate\\View\\Engines\\EngineResolver->resolve('blade')
#11 /Users/thiemdao/Desktop/project/elon-farm/vendor/laravel/framework/src/Illuminate/View/Factory.php(274): Illuminate\\View\\Factory->getEngineFromPath('/Users/thiemdao...')
#12 /Users/thiemdao/Desktop/project/elon-farm/vendor/laravel/framework/src/Illuminate/View/Factory.php(146): Illuminate\\View\\Factory->viewInstance('admin.index', '/Users/thiemdao...', Array)
#13 /Users/thiemdao/Desktop/project/elon-farm/vendor/laravel/framework/src/Illuminate/Foundation/helpers.php(1035): Illuminate\\View\\Factory->make('admin.index', Array, Array)
#14 /Users/thiemdao/Desktop/project/elon-farm/app/Http/Controllers/Admin/AdminController.php(26): view('admin.index', Array)
#15 /Users/thiemdao/Desktop/project/elon-farm/vendor/laravel/framework/src/Illuminate/Routing/Controller.php(54): App\\Http\\Controllers\\Admin\\AdminController->index()
#16 /Users/thiemdao/Desktop/project/elon-farm/vendor/laravel/framework/src/Illuminate/Routing/ControllerDispatcher.php(43): Illuminate\\Routing\\Controller->callAction('index', Array)
#17 /Users/thiemdao/Desktop/project/elon-farm/vendor/laravel/framework/src/Illuminate/Routing/Route.php(259): Illuminate\\Routing\\ControllerDispatcher->dispatch(Object(Illuminate\\Routing\\Route), Object(App\\Http\\Controllers\\Admin\\AdminController), 'index')
#18 /Users/thiemdao/Desktop/project/elon-farm/vendor/laravel/framework/src/Illuminate/Routing/Route.php(205): Illuminate\\Routing\\Route->runController()
#19 /Users/thiemdao/Desktop/project/elon-farm/vendor/laravel/framework/src/Illuminate/Routing/Router.php(798): Illuminate\\Routing\\Route->run()
#20 /Users/thiemdao/Desktop/project/elon-farm/vendor/laravel/framework/src/Illuminate/Pipeline/Pipeline.php(141): Illuminate\\Routing\\Router->Illuminate\\Routing\\{closure}(Object(Illuminate\\Http\\Request))
#21 /Users/thiemdao/Desktop/project/elon-farm/app/Http/Middleware/Backend.php(17): Illuminate\\Pipeline\\Pipeline->Illuminate\\Pipeline\\{closure}(Object(Illuminate\\Http\\Request))
#22 /Users/thiemdao/Desktop/project/elon-farm/vendor/laravel/framework/src/Illuminate/Pipeline/Pipeline.php(180): App\\Http\\Middleware\\Backend->handle(Object(Illuminate\\Http\\Request), Object(Closure))
#23 /Users/thiemdao/Desktop/project/elon-farm/app/Http/Middleware/LocaleMiddleware.php(24): Illuminate\\Pipeline\\Pipeline->Illuminate\\Pipeline\\{closure}(Object(Illuminate\\Http\\Request))
#24 /Users/thiemdao/Desktop/project/elon-farm/vendor/laravel/framework/src/Illuminate/Pipeline/Pipeline.php(180): App\\Http\\Middleware\\LocaleMiddleware->handle(Object(Illuminate\\Http\\Request), Object(Closure))
#25 /Users/thiemdao/Desktop/project/elon-farm/vendor/laravel/framework/src/Illuminate/Routing/Middleware/SubstituteBindings.php(50): Illuminate\\Pipeline\\Pipeline->Illuminate\\Pipeline\\{closure}(Object(Illuminate\\Http\\Request))
#26 /Users/thiemdao/Desktop/project/elon-farm/vendor/laravel/framework/src/Illuminate/Pipeline/Pipeline.php(180): Illuminate\\Routing\\Middleware\\SubstituteBindings->handle(Object(Illuminate\\Http\\Request), Object(Closure))
#27 /Users/thiemdao/Desktop/project/elon-farm/vendor/laravel/framework/src/Illuminate/Auth/Middleware/Authenticate.php(44): Illuminate\\Pipeline\\Pipeline->Illuminate\\Pipeline\\{closure}(Object(Illuminate\\Http\\Request))
#28 /Users/thiemdao/Desktop/project/elon-farm/vendor/laravel/framework/src/Illuminate/Pipeline/Pipeline.php(180): Illuminate\\Auth\\Middleware\\Authenticate->handle(Object(Illuminate\\Http\\Request), Object(Closure))
#29 /Users/thiemdao/Desktop/project/elon-farm/app/Http/Middleware/Localization.php(24): Illuminate\\Pipeline\\Pipeline->Illuminate\\Pipeline\\{closure}(Object(Illuminate\\Http\\Request))
#30 /Users/thiemdao/Desktop/project/elon-farm/vendor/laravel/framework/src/Illuminate/Pipeline/Pipeline.php(180): App\\Http\\Middleware\\Localization->handle(Object(Illuminate\\Http\\Request), Object(Closure))
#31 /Users/thiemdao/Desktop/project/elon-farm/vendor/laravel/framework/src/Illuminate/Foundation/Http/Middleware/VerifyCsrfToken.php(78): Illuminate\\Pipeline\\Pipeline->Illuminate\\Pipeline\\{closure}(Object(Illuminate\\Http\\Request))
#32 /Users/thiemdao/Desktop/project/elon-farm/vendor/laravel/framework/src/Illuminate/Pipeline/Pipeline.php(180): Illuminate\\Foundation\\Http\\Middleware\\VerifyCsrfToken->handle(Object(Illuminate\\Http\\Request), Object(Closure))
#33 /Users/thiemdao/Desktop/project/elon-farm/vendor/laravel/framework/src/Illuminate/View/Middleware/ShareErrorsFromSession.php(49): Illuminate\\Pipeline\\Pipeline->Illuminate\\Pipeline\\{closure}(Object(Illuminate\\Http\\Request))
#34 /Users/thiemdao/Desktop/project/elon-farm/vendor/laravel/framework/src/Illuminate/Pipeline/Pipeline.php(180): Illuminate\\View\\Middleware\\ShareErrorsFromSession->handle(Object(Illuminate\\Http\\Request), Object(Closure))
#35 /Users/thiemdao/Desktop/project/elon-farm/vendor/laravel/framework/src/Illuminate/Session/Middleware/StartSession.php(121): Illuminate\\Pipeline\\Pipeline->Illuminate\\Pipeline\\{closure}(Object(Illuminate\\Http\\Request))
#36 /Users/thiemdao/Desktop/project/elon-farm/vendor/laravel/framework/src/Illuminate/Session/Middleware/StartSession.php(64): Illuminate\\Session\\Middleware\\StartSession->handleStatefulRequest(Object(Illuminate\\Http\\Request), Object(Illuminate\\Session\\Store), Object(Closure))
#37 /Users/thiemdao/Desktop/project/elon-farm/vendor/laravel/framework/src/Illuminate/Pipeline/Pipeline.php(180): Illuminate\\Session\\Middleware\\StartSession->handle(Object(Illuminate\\Http\\Request), Object(Closure))
#38 /Users/thiemdao/Desktop/project/elon-farm/vendor/laravel/framework/src/Illuminate/Cookie/Middleware/AddQueuedCookiesToResponse.php(37): Illuminate\\Pipeline\\Pipeline->Illuminate\\Pipeline\\{closure}(Object(Illuminate\\Http\\Request))
#39 /Users/thiemdao/Desktop/project/elon-farm/vendor/laravel/framework/src/Illuminate/Pipeline/Pipeline.php(180): Illuminate\\Cookie\\Middleware\\AddQueuedCookiesToResponse->handle(Object(Illuminate\\Http\\Request), Object(Closure))
#40 /Users/thiemdao/Desktop/project/elon-farm/vendor/laravel/framework/src/Illuminate/Cookie/Middleware/EncryptCookies.php(67): Illuminate\\Pipeline\\Pipeline->Illuminate\\Pipeline\\{closure}(Object(Illuminate\\Http\\Request))
#41 /Users/thiemdao/Desktop/project/elon-farm/vendor/laravel/framework/src/Illuminate/Pipeline/Pipeline.php(180): Illuminate\\Cookie\\Middleware\\EncryptCookies->handle(Object(Illuminate\\Http\\Request), Object(Closure))
#42 /Users/thiemdao/Desktop/project/elon-farm/vendor/laravel/framework/src/Illuminate/Pipeline/Pipeline.php(116): Illuminate\\Pipeline\\Pipeline->Illuminate\\Pipeline\\{closure}(Object(Illuminate\\Http\\Request))
#43 /Users/thiemdao/Desktop/project/elon-farm/vendor/laravel/framework/src/Illuminate/Routing/Router.php(797): Illuminate\\Pipeline\\Pipeline->then(Object(Closure))
#44 /Users/thiemdao/Desktop/project/elon-farm/vendor/laravel/framework/src/Illuminate/Routing/Router.php(776): Illuminate\\Routing\\Router->runRouteWithinStack(Object(Illuminate\\Routing\\Route), Object(Illuminate\\Http\\Request))
#45 /Users/thiemdao/Desktop/project/elon-farm/vendor/laravel/framework/src/Illuminate/Routing/Router.php(740): Illuminate\\Routing\\Router->runRoute(Object(Illuminate\\Http\\Request), Object(Illuminate\\Routing\\Route))
#46 /Users/thiemdao/Desktop/project/elon-farm/vendor/laravel/framework/src/Illuminate/Routing/Router.php(729): Illuminate\\Routing\\Router->dispatchToRoute(Object(Illuminate\\Http\\Request))
#47 /Users/thiemdao/Desktop/project/elon-farm/vendor/laravel/framework/src/Illuminate/Foundation/Http/Kernel.php(190): Illuminate\\Routing\\Router->dispatch(Object(Illuminate\\Http\\Request))
#48 /Users/thiemdao/Desktop/project/elon-farm/vendor/laravel/framework/src/Illuminate/Pipeline/Pipeline.php(141): Illuminate\\Foundation\\Http\\Kernel->Illuminate\\Foundation\\Http\\{closure}(Object(Illuminate\\Http\\Request))
#49 /Users/thiemdao/Desktop/project/elon-farm/vendor/laravel/framework/src/Illuminate/Foundation/Http/Middleware/TransformsRequest.php(21): Illuminate\\Pipeline\\Pipeline->Illuminate\\Pipeline\\{closure}(Object(Illuminate\\Http\\Request))
#50 /Users/thiemdao/Desktop/project/elon-farm/vendor/laravel/framework/src/Illuminate/Foundation/Http/Middleware/ConvertEmptyStringsToNull.php(31): Illuminate\\Foundation\\Http\\Middleware\\TransformsRequest->handle(Object(Illuminate\\Http\\Request), Object(Closure))
#51 /Users/thiemdao/Desktop/project/elon-farm/vendor/laravel/framework/src/Illuminate/Pipeline/Pipeline.php(180): Illuminate\\Foundation\\Http\\Middleware\\ConvertEmptyStringsToNull->handle(Object(Illuminate\\Http\\Request), Object(Closure))
#52 /Users/thiemdao/Desktop/project/elon-farm/vendor/laravel/framework/src/Illuminate/Foundation/Http/Middleware/TransformsRequest.php(21): Illuminate\\Pipeline\\Pipeline->Illuminate\\Pipeline\\{closure}(Object(Illuminate\\Http\\Request))
#53 /Users/thiemdao/Desktop/project/elon-farm/vendor/laravel/framework/src/Illuminate/Foundation/Http/Middleware/TrimStrings.php(40): Illuminate\\Foundation\\Http\\Middleware\\TransformsRequest->handle(Object(Illuminate\\Http\\Request), Object(Closure))
#54 /Users/thiemdao/Desktop/project/elon-farm/vendor/laravel/framework/src/Illuminate/Pipeline/Pipeline.php(180): Illuminate\\Foundation\\Http\\Middleware\\TrimStrings->handle(Object(Illuminate\\Http\\Request), Object(Closure))
#55 /Users/thiemdao/Desktop/project/elon-farm/vendor/laravel/framework/src/Illuminate/Foundation/Http/Middleware/ValidatePostSize.php(27): Illuminate\\Pipeline\\Pipeline->Illuminate\\Pipeline\\{closure}(Object(Illuminate\\Http\\Request))
#56 /Users/thiemdao/Desktop/project/elon-farm/vendor/laravel/framework/src/Illuminate/Pipeline/Pipeline.php(180): Illuminate\\Foundation\\Http\\Middleware\\ValidatePostSize->handle(Object(Illuminate\\Http\\Request), Object(Closure))
#57 /Users/thiemdao/Desktop/project/elon-farm/vendor/laravel/framework/src/Illuminate/Foundation/Http/Middleware/PreventRequestsDuringMaintenance.php(86): Illuminate\\Pipeline\\Pipeline->Illuminate\\Pipeline\\{closure}(Object(Illuminate\\Http\\Request))
#58 /Users/thiemdao/Desktop/project/elon-farm/vendor/laravel/framework/src/Illuminate/Pipeline/Pipeline.php(180): Illuminate\\Foundation\\Http\\Middleware\\PreventRequestsDuringMaintenance->handle(Object(Illuminate\\Http\\Request), Object(Closure))
#59 /Users/thiemdao/Desktop/project/elon-farm/vendor/fruitcake/laravel-cors/src/HandleCors.php(38): Illuminate\\Pipeline\\Pipeline->Illuminate\\Pipeline\\{closure}(Object(Illuminate\\Http\\Request))
#60 /Users/thiemdao/Desktop/project/elon-farm/vendor/laravel/framework/src/Illuminate/Pipeline/Pipeline.php(180): Fruitcake\\Cors\\HandleCors->handle(Object(Illuminate\\Http\\Request), Object(Closure))
#61 /Users/thiemdao/Desktop/project/elon-farm/vendor/laravel/framework/src/Illuminate/Http/Middleware/TrustProxies.php(39): Illuminate\\Pipeline\\Pipeline->Illuminate\\Pipeline\\{closure}(Object(Illuminate\\Http\\Request))
#62 /Users/thiemdao/Desktop/project/elon-farm/vendor/laravel/framework/src/Illuminate/Pipeline/Pipeline.php(180): Illuminate\\Http\\Middleware\\TrustProxies->handle(Object(Illuminate\\Http\\Request), Object(Closure))
#63 /Users/thiemdao/Desktop/project/elon-farm/vendor/laravel/framework/src/Illuminate/Pipeline/Pipeline.php(116): Illuminate\\Pipeline\\Pipeline->Illuminate\\Pipeline\\{closure}(Object(Illuminate\\Http\\Request))
#64 /Users/thiemdao/Desktop/project/elon-farm/vendor/laravel/framework/src/Illuminate/Foundation/Http/Kernel.php(165): Illuminate\\Pipeline\\Pipeline->then(Object(Closure))
#65 /Users/thiemdao/Desktop/project/elon-farm/vendor/laravel/framework/src/Illuminate/Foundation/Http/Kernel.php(134): Illuminate\\Foundation\\Http\\Kernel->sendRequestThroughRouter(Object(Illuminate\\Http\\Request))
#66 /Users/thiemdao/Desktop/project/elon-farm/public/index.php(51): Illuminate\\Foundation\\Http\\Kernel->handle(Object(Illuminate\\Http\\Request))
#67 /Users/thiemdao/Desktop/project/elon-farm/server.php(21): require_once('/Users/thiemdao...')
#68 {main}
"} 
[2025-02-20 03:14:40] local.ERROR: Please provide a valid cache path. {"userId":1,"exception":"[object] (InvalidArgumentException(code: 0): Please provide a valid cache path. at /Users/thiemdao/Desktop/project/elon-farm/vendor/laravel/framework/src/Illuminate/View/Compilers/Compiler.php:66)
[stacktrace]
#0 /Users/thiemdao/Desktop/project/elon-farm/vendor/laravel/framework/src/Illuminate/View/ViewServiceProvider.php(96): Illuminate\\View\\Compilers\\Compiler->__construct(Object(Illuminate\\Filesystem\\Filesystem), false, '', true, 'php')
#1 /Users/thiemdao/Desktop/project/elon-farm/vendor/laravel/framework/src/Illuminate/Container/Container.php(885): Illuminate\\View\\ViewServiceProvider->Illuminate\\View\\{closure}(Object(Illuminate\\Foundation\\Application), Array)
#2 /Users/thiemdao/Desktop/project/elon-farm/vendor/laravel/framework/src/Illuminate/Container/Container.php(770): Illuminate\\Container\\Container->build(Object(Closure))
#3 /Users/thiemdao/Desktop/project/elon-farm/vendor/laravel/framework/src/Illuminate/Foundation/Application.php(856): Illuminate\\Container\\Container->resolve('blade.compiler', Array, true)
#4 /Users/thiemdao/Desktop/project/elon-farm/vendor/laravel/framework/src/Illuminate/Container/Container.php(706): Illuminate\\Foundation\\Application->resolve('blade.compiler', Array)
#5 /Users/thiemdao/Desktop/project/elon-farm/vendor/laravel/framework/src/Illuminate/Foundation/Application.php(841): Illuminate\\Container\\Container->make('blade.compiler', Array)
#6 /Users/thiemdao/Desktop/project/elon-farm/vendor/laravel/framework/src/Illuminate/Container/Container.php(1431): Illuminate\\Foundation\\Application->make('blade.compiler')
#7 /Users/thiemdao/Desktop/project/elon-farm/vendor/laravel/framework/src/Illuminate/View/ViewServiceProvider.php(164): Illuminate\\Container\\Container->offsetGet('blade.compiler')
#8 [internal function]: Illuminate\\View\\ViewServiceProvider->Illuminate\\View\\{closure}()
#9 /Users/thiemdao/Desktop/project/elon-farm/vendor/laravel/framework/src/Illuminate/View/Engines/EngineResolver.php(55): call_user_func(Object(Closure))
#10 /Users/thiemdao/Desktop/project/elon-farm/vendor/laravel/framework/src/Illuminate/View/Factory.php(310): Illuminate\\View\\Engines\\EngineResolver->resolve('blade')
#11 /Users/thiemdao/Desktop/project/elon-farm/vendor/laravel/framework/src/Illuminate/View/Factory.php(274): Illuminate\\View\\Factory->getEngineFromPath('/Users/thiemdao...')
#12 /Users/thiemdao/Desktop/project/elon-farm/vendor/laravel/framework/src/Illuminate/View/Factory.php(146): Illuminate\\View\\Factory->viewInstance('admin.index', '/Users/thiemdao...', Array)
#13 /Users/thiemdao/Desktop/project/elon-farm/vendor/laravel/framework/src/Illuminate/Foundation/helpers.php(1035): Illuminate\\View\\Factory->make('admin.index', Array, Array)
#14 /Users/thiemdao/Desktop/project/elon-farm/app/Http/Controllers/Admin/AdminController.php(26): view('admin.index', Array)
#15 /Users/thiemdao/Desktop/project/elon-farm/vendor/laravel/framework/src/Illuminate/Routing/Controller.php(54): App\\Http\\Controllers\\Admin\\AdminController->index()
#16 /Users/thiemdao/Desktop/project/elon-farm/vendor/laravel/framework/src/Illuminate/Routing/ControllerDispatcher.php(43): Illuminate\\Routing\\Controller->callAction('index', Array)
#17 /Users/thiemdao/Desktop/project/elon-farm/vendor/laravel/framework/src/Illuminate/Routing/Route.php(259): Illuminate\\Routing\\ControllerDispatcher->dispatch(Object(Illuminate\\Routing\\Route), Object(App\\Http\\Controllers\\Admin\\AdminController), 'index')
#18 /Users/thiemdao/Desktop/project/elon-farm/vendor/laravel/framework/src/Illuminate/Routing/Route.php(205): Illuminate\\Routing\\Route->runController()
#19 /Users/thiemdao/Desktop/project/elon-farm/vendor/laravel/framework/src/Illuminate/Routing/Router.php(798): Illuminate\\Routing\\Route->run()
#20 /Users/thiemdao/Desktop/project/elon-farm/vendor/laravel/framework/src/Illuminate/Pipeline/Pipeline.php(141): Illuminate\\Routing\\Router->Illuminate\\Routing\\{closure}(Object(Illuminate\\Http\\Request))
#21 /Users/thiemdao/Desktop/project/elon-farm/app/Http/Middleware/Backend.php(17): Illuminate\\Pipeline\\Pipeline->Illuminate\\Pipeline\\{closure}(Object(Illuminate\\Http\\Request))
#22 /Users/thiemdao/Desktop/project/elon-farm/vendor/laravel/framework/src/Illuminate/Pipeline/Pipeline.php(180): App\\Http\\Middleware\\Backend->handle(Object(Illuminate\\Http\\Request), Object(Closure))
#23 /Users/thiemdao/Desktop/project/elon-farm/app/Http/Middleware/LocaleMiddleware.php(24): Illuminate\\Pipeline\\Pipeline->Illuminate\\Pipeline\\{closure}(Object(Illuminate\\Http\\Request))
#24 /Users/thiemdao/Desktop/project/elon-farm/vendor/laravel/framework/src/Illuminate/Pipeline/Pipeline.php(180): App\\Http\\Middleware\\LocaleMiddleware->handle(Object(Illuminate\\Http\\Request), Object(Closure))
#25 /Users/thiemdao/Desktop/project/elon-farm/vendor/laravel/framework/src/Illuminate/Routing/Middleware/SubstituteBindings.php(50): Illuminate\\Pipeline\\Pipeline->Illuminate\\Pipeline\\{closure}(Object(Illuminate\\Http\\Request))
#26 /Users/thiemdao/Desktop/project/elon-farm/vendor/laravel/framework/src/Illuminate/Pipeline/Pipeline.php(180): Illuminate\\Routing\\Middleware\\SubstituteBindings->handle(Object(Illuminate\\Http\\Request), Object(Closure))
#27 /Users/thiemdao/Desktop/project/elon-farm/vendor/laravel/framework/src/Illuminate/Auth/Middleware/Authenticate.php(44): Illuminate\\Pipeline\\Pipeline->Illuminate\\Pipeline\\{closure}(Object(Illuminate\\Http\\Request))
#28 /Users/thiemdao/Desktop/project/elon-farm/vendor/laravel/framework/src/Illuminate/Pipeline/Pipeline.php(180): Illuminate\\Auth\\Middleware\\Authenticate->handle(Object(Illuminate\\Http\\Request), Object(Closure))
#29 /Users/thiemdao/Desktop/project/elon-farm/app/Http/Middleware/Localization.php(24): Illuminate\\Pipeline\\Pipeline->Illuminate\\Pipeline\\{closure}(Object(Illuminate\\Http\\Request))
#30 /Users/thiemdao/Desktop/project/elon-farm/vendor/laravel/framework/src/Illuminate/Pipeline/Pipeline.php(180): App\\Http\\Middleware\\Localization->handle(Object(Illuminate\\Http\\Request), Object(Closure))
#31 /Users/thiemdao/Desktop/project/elon-farm/vendor/laravel/framework/src/Illuminate/Foundation/Http/Middleware/VerifyCsrfToken.php(78): Illuminate\\Pipeline\\Pipeline->Illuminate\\Pipeline\\{closure}(Object(Illuminate\\Http\\Request))
#32 /Users/thiemdao/Desktop/project/elon-farm/vendor/laravel/framework/src/Illuminate/Pipeline/Pipeline.php(180): Illuminate\\Foundation\\Http\\Middleware\\VerifyCsrfToken->handle(Object(Illuminate\\Http\\Request), Object(Closure))
#33 /Users/thiemdao/Desktop/project/elon-farm/vendor/laravel/framework/src/Illuminate/View/Middleware/ShareErrorsFromSession.php(49): Illuminate\\Pipeline\\Pipeline->Illuminate\\Pipeline\\{closure}(Object(Illuminate\\Http\\Request))
#34 /Users/thiemdao/Desktop/project/elon-farm/vendor/laravel/framework/src/Illuminate/Pipeline/Pipeline.php(180): Illuminate\\View\\Middleware\\ShareErrorsFromSession->handle(Object(Illuminate\\Http\\Request), Object(Closure))
#35 /Users/thiemdao/Desktop/project/elon-farm/vendor/laravel/framework/src/Illuminate/Session/Middleware/StartSession.php(121): Illuminate\\Pipeline\\Pipeline->Illuminate\\Pipeline\\{closure}(Object(Illuminate\\Http\\Request))
#36 /Users/thiemdao/Desktop/project/elon-farm/vendor/laravel/framework/src/Illuminate/Session/Middleware/StartSession.php(64): Illuminate\\Session\\Middleware\\StartSession->handleStatefulRequest(Object(Illuminate\\Http\\Request), Object(Illuminate\\Session\\Store), Object(Closure))
#37 /Users/thiemdao/Desktop/project/elon-farm/vendor/laravel/framework/src/Illuminate/Pipeline/Pipeline.php(180): Illuminate\\Session\\Middleware\\StartSession->handle(Object(Illuminate\\Http\\Request), Object(Closure))
#38 /Users/thiemdao/Desktop/project/elon-farm/vendor/laravel/framework/src/Illuminate/Cookie/Middleware/AddQueuedCookiesToResponse.php(37): Illuminate\\Pipeline\\Pipeline->Illuminate\\Pipeline\\{closure}(Object(Illuminate\\Http\\Request))
#39 /Users/thiemdao/Desktop/project/elon-farm/vendor/laravel/framework/src/Illuminate/Pipeline/Pipeline.php(180): Illuminate\\Cookie\\Middleware\\AddQueuedCookiesToResponse->handle(Object(Illuminate\\Http\\Request), Object(Closure))
#40 /Users/thiemdao/Desktop/project/elon-farm/vendor/laravel/framework/src/Illuminate/Cookie/Middleware/EncryptCookies.php(67): Illuminate\\Pipeline\\Pipeline->Illuminate\\Pipeline\\{closure}(Object(Illuminate\\Http\\Request))
#41 /Users/thiemdao/Desktop/project/elon-farm/vendor/laravel/framework/src/Illuminate/Pipeline/Pipeline.php(180): Illuminate\\Cookie\\Middleware\\EncryptCookies->handle(Object(Illuminate\\Http\\Request), Object(Closure))
#42 /Users/thiemdao/Desktop/project/elon-farm/vendor/laravel/framework/src/Illuminate/Pipeline/Pipeline.php(116): Illuminate\\Pipeline\\Pipeline->Illuminate\\Pipeline\\{closure}(Object(Illuminate\\Http\\Request))
#43 /Users/thiemdao/Desktop/project/elon-farm/vendor/laravel/framework/src/Illuminate/Routing/Router.php(797): Illuminate\\Pipeline\\Pipeline->then(Object(Closure))
#44 /Users/thiemdao/Desktop/project/elon-farm/vendor/laravel/framework/src/Illuminate/Routing/Router.php(776): Illuminate\\Routing\\Router->runRouteWithinStack(Object(Illuminate\\Routing\\Route), Object(Illuminate\\Http\\Request))
#45 /Users/thiemdao/Desktop/project/elon-farm/vendor/laravel/framework/src/Illuminate/Routing/Router.php(740): Illuminate\\Routing\\Router->runRoute(Object(Illuminate\\Http\\Request), Object(Illuminate\\Routing\\Route))
#46 /Users/thiemdao/Desktop/project/elon-farm/vendor/laravel/framework/src/Illuminate/Routing/Router.php(729): Illuminate\\Routing\\Router->dispatchToRoute(Object(Illuminate\\Http\\Request))
#47 /Users/thiemdao/Desktop/project/elon-farm/vendor/laravel/framework/src/Illuminate/Foundation/Http/Kernel.php(190): Illuminate\\Routing\\Router->dispatch(Object(Illuminate\\Http\\Request))
#48 /Users/thiemdao/Desktop/project/elon-farm/vendor/laravel/framework/src/Illuminate/Pipeline/Pipeline.php(141): Illuminate\\Foundation\\Http\\Kernel->Illuminate\\Foundation\\Http\\{closure}(Object(Illuminate\\Http\\Request))
#49 /Users/thiemdao/Desktop/project/elon-farm/vendor/laravel/framework/src/Illuminate/Foundation/Http/Middleware/TransformsRequest.php(21): Illuminate\\Pipeline\\Pipeline->Illuminate\\Pipeline\\{closure}(Object(Illuminate\\Http\\Request))
#50 /Users/thiemdao/Desktop/project/elon-farm/vendor/laravel/framework/src/Illuminate/Foundation/Http/Middleware/ConvertEmptyStringsToNull.php(31): Illuminate\\Foundation\\Http\\Middleware\\TransformsRequest->handle(Object(Illuminate\\Http\\Request), Object(Closure))
#51 /Users/thiemdao/Desktop/project/elon-farm/vendor/laravel/framework/src/Illuminate/Pipeline/Pipeline.php(180): Illuminate\\Foundation\\Http\\Middleware\\ConvertEmptyStringsToNull->handle(Object(Illuminate\\Http\\Request), Object(Closure))
#52 /Users/thiemdao/Desktop/project/elon-farm/vendor/laravel/framework/src/Illuminate/Foundation/Http/Middleware/TransformsRequest.php(21): Illuminate\\Pipeline\\Pipeline->Illuminate\\Pipeline\\{closure}(Object(Illuminate\\Http\\Request))
#53 /Users/thiemdao/Desktop/project/elon-farm/vendor/laravel/framework/src/Illuminate/Foundation/Http/Middleware/TrimStrings.php(40): Illuminate\\Foundation\\Http\\Middleware\\TransformsRequest->handle(Object(Illuminate\\Http\\Request), Object(Closure))
#54 /Users/thiemdao/Desktop/project/elon-farm/vendor/laravel/framework/src/Illuminate/Pipeline/Pipeline.php(180): Illuminate\\Foundation\\Http\\Middleware\\TrimStrings->handle(Object(Illuminate\\Http\\Request), Object(Closure))
#55 /Users/thiemdao/Desktop/project/elon-farm/vendor/laravel/framework/src/Illuminate/Foundation/Http/Middleware/ValidatePostSize.php(27): Illuminate\\Pipeline\\Pipeline->Illuminate\\Pipeline\\{closure}(Object(Illuminate\\Http\\Request))
#56 /Users/thiemdao/Desktop/project/elon-farm/vendor/laravel/framework/src/Illuminate/Pipeline/Pipeline.php(180): Illuminate\\Foundation\\Http\\Middleware\\ValidatePostSize->handle(Object(Illuminate\\Http\\Request), Object(Closure))
#57 /Users/thiemdao/Desktop/project/elon-farm/vendor/laravel/framework/src/Illuminate/Foundation/Http/Middleware/PreventRequestsDuringMaintenance.php(86): Illuminate\\Pipeline\\Pipeline->Illuminate\\Pipeline\\{closure}(Object(Illuminate\\Http\\Request))
#58 /Users/thiemdao/Desktop/project/elon-farm/vendor/laravel/framework/src/Illuminate/Pipeline/Pipeline.php(180): Illuminate\\Foundation\\Http\\Middleware\\PreventRequestsDuringMaintenance->handle(Object(Illuminate\\Http\\Request), Object(Closure))
#59 /Users/thiemdao/Desktop/project/elon-farm/vendor/fruitcake/laravel-cors/src/HandleCors.php(38): Illuminate\\Pipeline\\Pipeline->Illuminate\\Pipeline\\{closure}(Object(Illuminate\\Http\\Request))
#60 /Users/thiemdao/Desktop/project/elon-farm/vendor/laravel/framework/src/Illuminate/Pipeline/Pipeline.php(180): Fruitcake\\Cors\\HandleCors->handle(Object(Illuminate\\Http\\Request), Object(Closure))
#61 /Users/thiemdao/Desktop/project/elon-farm/vendor/laravel/framework/src/Illuminate/Http/Middleware/TrustProxies.php(39): Illuminate\\Pipeline\\Pipeline->Illuminate\\Pipeline\\{closure}(Object(Illuminate\\Http\\Request))
#62 /Users/thiemdao/Desktop/project/elon-farm/vendor/laravel/framework/src/Illuminate/Pipeline/Pipeline.php(180): Illuminate\\Http\\Middleware\\TrustProxies->handle(Object(Illuminate\\Http\\Request), Object(Closure))
#63 /Users/thiemdao/Desktop/project/elon-farm/vendor/laravel/framework/src/Illuminate/Pipeline/Pipeline.php(116): Illuminate\\Pipeline\\Pipeline->Illuminate\\Pipeline\\{closure}(Object(Illuminate\\Http\\Request))
#64 /Users/thiemdao/Desktop/project/elon-farm/vendor/laravel/framework/src/Illuminate/Foundation/Http/Kernel.php(165): Illuminate\\Pipeline\\Pipeline->then(Object(Closure))
#65 /Users/thiemdao/Desktop/project/elon-farm/vendor/laravel/framework/src/Illuminate/Foundation/Http/Kernel.php(134): Illuminate\\Foundation\\Http\\Kernel->sendRequestThroughRouter(Object(Illuminate\\Http\\Request))
#66 /Users/thiemdao/Desktop/project/elon-farm/public/index.php(51): Illuminate\\Foundation\\Http\\Kernel->handle(Object(Illuminate\\Http\\Request))
#67 /Users/thiemdao/Desktop/project/elon-farm/server.php(21): require_once('/Users/thiemdao...')
#68 {main}
"} 
[2025-02-20 03:14:49] local.ERROR: Please provide a valid cache path. {"userId":1,"exception":"[object] (InvalidArgumentException(code: 0): Please provide a valid cache path. at /Users/thiemdao/Desktop/project/elon-farm/vendor/laravel/framework/src/Illuminate/View/Compilers/Compiler.php:66)
[stacktrace]
#0 /Users/thiemdao/Desktop/project/elon-farm/vendor/laravel/framework/src/Illuminate/View/ViewServiceProvider.php(96): Illuminate\\View\\Compilers\\Compiler->__construct(Object(Illuminate\\Filesystem\\Filesystem), false, '', true, 'php')
#1 /Users/thiemdao/Desktop/project/elon-farm/vendor/laravel/framework/src/Illuminate/Container/Container.php(885): Illuminate\\View\\ViewServiceProvider->Illuminate\\View\\{closure}(Object(Illuminate\\Foundation\\Application), Array)
#2 /Users/thiemdao/Desktop/project/elon-farm/vendor/laravel/framework/src/Illuminate/Container/Container.php(770): Illuminate\\Container\\Container->build(Object(Closure))
#3 /Users/thiemdao/Desktop/project/elon-farm/vendor/laravel/framework/src/Illuminate/Foundation/Application.php(856): Illuminate\\Container\\Container->resolve('blade.compiler', Array, true)
#4 /Users/thiemdao/Desktop/project/elon-farm/vendor/laravel/framework/src/Illuminate/Container/Container.php(706): Illuminate\\Foundation\\Application->resolve('blade.compiler', Array)
#5 /Users/thiemdao/Desktop/project/elon-farm/vendor/laravel/framework/src/Illuminate/Foundation/Application.php(841): Illuminate\\Container\\Container->make('blade.compiler', Array)
#6 /Users/thiemdao/Desktop/project/elon-farm/vendor/laravel/framework/src/Illuminate/Container/Container.php(1431): Illuminate\\Foundation\\Application->make('blade.compiler')
#7 /Users/thiemdao/Desktop/project/elon-farm/vendor/laravel/framework/src/Illuminate/View/ViewServiceProvider.php(164): Illuminate\\Container\\Container->offsetGet('blade.compiler')
#8 [internal function]: Illuminate\\View\\ViewServiceProvider->Illuminate\\View\\{closure}()
#9 /Users/thiemdao/Desktop/project/elon-farm/vendor/laravel/framework/src/Illuminate/View/Engines/EngineResolver.php(55): call_user_func(Object(Closure))
#10 /Users/thiemdao/Desktop/project/elon-farm/vendor/laravel/framework/src/Illuminate/View/Factory.php(310): Illuminate\\View\\Engines\\EngineResolver->resolve('blade')
#11 /Users/thiemdao/Desktop/project/elon-farm/vendor/laravel/framework/src/Illuminate/View/Factory.php(274): Illuminate\\View\\Factory->getEngineFromPath('/Users/thiemdao...')
#12 /Users/thiemdao/Desktop/project/elon-farm/vendor/laravel/framework/src/Illuminate/View/Factory.php(146): Illuminate\\View\\Factory->viewInstance('admin.index', '/Users/thiemdao...', Array)
#13 /Users/thiemdao/Desktop/project/elon-farm/vendor/laravel/framework/src/Illuminate/Foundation/helpers.php(1035): Illuminate\\View\\Factory->make('admin.index', Array, Array)
#14 /Users/thiemdao/Desktop/project/elon-farm/app/Http/Controllers/Admin/AdminController.php(26): view('admin.index', Array)
#15 /Users/thiemdao/Desktop/project/elon-farm/vendor/laravel/framework/src/Illuminate/Routing/Controller.php(54): App\\Http\\Controllers\\Admin\\AdminController->index()
#16 /Users/thiemdao/Desktop/project/elon-farm/vendor/laravel/framework/src/Illuminate/Routing/ControllerDispatcher.php(43): Illuminate\\Routing\\Controller->callAction('index', Array)
#17 /Users/thiemdao/Desktop/project/elon-farm/vendor/laravel/framework/src/Illuminate/Routing/Route.php(259): Illuminate\\Routing\\ControllerDispatcher->dispatch(Object(Illuminate\\Routing\\Route), Object(App\\Http\\Controllers\\Admin\\AdminController), 'index')
#18 /Users/thiemdao/Desktop/project/elon-farm/vendor/laravel/framework/src/Illuminate/Routing/Route.php(205): Illuminate\\Routing\\Route->runController()
#19 /Users/thiemdao/Desktop/project/elon-farm/vendor/laravel/framework/src/Illuminate/Routing/Router.php(798): Illuminate\\Routing\\Route->run()
#20 /Users/thiemdao/Desktop/project/elon-farm/vendor/laravel/framework/src/Illuminate/Pipeline/Pipeline.php(141): Illuminate\\Routing\\Router->Illuminate\\Routing\\{closure}(Object(Illuminate\\Http\\Request))
#21 /Users/thiemdao/Desktop/project/elon-farm/app/Http/Middleware/Backend.php(17): Illuminate\\Pipeline\\Pipeline->Illuminate\\Pipeline\\{closure}(Object(Illuminate\\Http\\Request))
#22 /Users/thiemdao/Desktop/project/elon-farm/vendor/laravel/framework/src/Illuminate/Pipeline/Pipeline.php(180): App\\Http\\Middleware\\Backend->handle(Object(Illuminate\\Http\\Request), Object(Closure))
#23 /Users/thiemdao/Desktop/project/elon-farm/app/Http/Middleware/LocaleMiddleware.php(24): Illuminate\\Pipeline\\Pipeline->Illuminate\\Pipeline\\{closure}(Object(Illuminate\\Http\\Request))
#24 /Users/thiemdao/Desktop/project/elon-farm/vendor/laravel/framework/src/Illuminate/Pipeline/Pipeline.php(180): App\\Http\\Middleware\\LocaleMiddleware->handle(Object(Illuminate\\Http\\Request), Object(Closure))
#25 /Users/thiemdao/Desktop/project/elon-farm/vendor/laravel/framework/src/Illuminate/Routing/Middleware/SubstituteBindings.php(50): Illuminate\\Pipeline\\Pipeline->Illuminate\\Pipeline\\{closure}(Object(Illuminate\\Http\\Request))
#26 /Users/thiemdao/Desktop/project/elon-farm/vendor/laravel/framework/src/Illuminate/Pipeline/Pipeline.php(180): Illuminate\\Routing\\Middleware\\SubstituteBindings->handle(Object(Illuminate\\Http\\Request), Object(Closure))
#27 /Users/thiemdao/Desktop/project/elon-farm/vendor/laravel/framework/src/Illuminate/Auth/Middleware/Authenticate.php(44): Illuminate\\Pipeline\\Pipeline->Illuminate\\Pipeline\\{closure}(Object(Illuminate\\Http\\Request))
#28 /Users/thiemdao/Desktop/project/elon-farm/vendor/laravel/framework/src/Illuminate/Pipeline/Pipeline.php(180): Illuminate\\Auth\\Middleware\\Authenticate->handle(Object(Illuminate\\Http\\Request), Object(Closure))
#29 /Users/thiemdao/Desktop/project/elon-farm/app/Http/Middleware/Localization.php(24): Illuminate\\Pipeline\\Pipeline->Illuminate\\Pipeline\\{closure}(Object(Illuminate\\Http\\Request))
#30 /Users/thiemdao/Desktop/project/elon-farm/vendor/laravel/framework/src/Illuminate/Pipeline/Pipeline.php(180): App\\Http\\Middleware\\Localization->handle(Object(Illuminate\\Http\\Request), Object(Closure))
#31 /Users/thiemdao/Desktop/project/elon-farm/vendor/laravel/framework/src/Illuminate/Foundation/Http/Middleware/VerifyCsrfToken.php(78): Illuminate\\Pipeline\\Pipeline->Illuminate\\Pipeline\\{closure}(Object(Illuminate\\Http\\Request))
#32 /Users/thiemdao/Desktop/project/elon-farm/vendor/laravel/framework/src/Illuminate/Pipeline/Pipeline.php(180): Illuminate\\Foundation\\Http\\Middleware\\VerifyCsrfToken->handle(Object(Illuminate\\Http\\Request), Object(Closure))
#33 /Users/thiemdao/Desktop/project/elon-farm/vendor/laravel/framework/src/Illuminate/View/Middleware/ShareErrorsFromSession.php(49): Illuminate\\Pipeline\\Pipeline->Illuminate\\Pipeline\\{closure}(Object(Illuminate\\Http\\Request))
#34 /Users/thiemdao/Desktop/project/elon-farm/vendor/laravel/framework/src/Illuminate/Pipeline/Pipeline.php(180): Illuminate\\View\\Middleware\\ShareErrorsFromSession->handle(Object(Illuminate\\Http\\Request), Object(Closure))
#35 /Users/thiemdao/Desktop/project/elon-farm/vendor/laravel/framework/src/Illuminate/Session/Middleware/StartSession.php(121): Illuminate\\Pipeline\\Pipeline->Illuminate\\Pipeline\\{closure}(Object(Illuminate\\Http\\Request))
#36 /Users/thiemdao/Desktop/project/elon-farm/vendor/laravel/framework/src/Illuminate/Session/Middleware/StartSession.php(64): Illuminate\\Session\\Middleware\\StartSession->handleStatefulRequest(Object(Illuminate\\Http\\Request), Object(Illuminate\\Session\\Store), Object(Closure))
#37 /Users/thiemdao/Desktop/project/elon-farm/vendor/laravel/framework/src/Illuminate/Pipeline/Pipeline.php(180): Illuminate\\Session\\Middleware\\StartSession->handle(Object(Illuminate\\Http\\Request), Object(Closure))
#38 /Users/thiemdao/Desktop/project/elon-farm/vendor/laravel/framework/src/Illuminate/Cookie/Middleware/AddQueuedCookiesToResponse.php(37): Illuminate\\Pipeline\\Pipeline->Illuminate\\Pipeline\\{closure}(Object(Illuminate\\Http\\Request))
#39 /Users/thiemdao/Desktop/project/elon-farm/vendor/laravel/framework/src/Illuminate/Pipeline/Pipeline.php(180): Illuminate\\Cookie\\Middleware\\AddQueuedCookiesToResponse->handle(Object(Illuminate\\Http\\Request), Object(Closure))
#40 /Users/thiemdao/Desktop/project/elon-farm/vendor/laravel/framework/src/Illuminate/Cookie/Middleware/EncryptCookies.php(67): Illuminate\\Pipeline\\Pipeline->Illuminate\\Pipeline\\{closure}(Object(Illuminate\\Http\\Request))
#41 /Users/thiemdao/Desktop/project/elon-farm/vendor/laravel/framework/src/Illuminate/Pipeline/Pipeline.php(180): Illuminate\\Cookie\\Middleware\\EncryptCookies->handle(Object(Illuminate\\Http\\Request), Object(Closure))
#42 /Users/thiemdao/Desktop/project/elon-farm/vendor/laravel/framework/src/Illuminate/Pipeline/Pipeline.php(116): Illuminate\\Pipeline\\Pipeline->Illuminate\\Pipeline\\{closure}(Object(Illuminate\\Http\\Request))
#43 /Users/thiemdao/Desktop/project/elon-farm/vendor/laravel/framework/src/Illuminate/Routing/Router.php(797): Illuminate\\Pipeline\\Pipeline->then(Object(Closure))
#44 /Users/thiemdao/Desktop/project/elon-farm/vendor/laravel/framework/src/Illuminate/Routing/Router.php(776): Illuminate\\Routing\\Router->runRouteWithinStack(Object(Illuminate\\Routing\\Route), Object(Illuminate\\Http\\Request))
#45 /Users/thiemdao/Desktop/project/elon-farm/vendor/laravel/framework/src/Illuminate/Routing/Router.php(740): Illuminate\\Routing\\Router->runRoute(Object(Illuminate\\Http\\Request), Object(Illuminate\\Routing\\Route))
#46 /Users/thiemdao/Desktop/project/elon-farm/vendor/laravel/framework/src/Illuminate/Routing/Router.php(729): Illuminate\\Routing\\Router->dispatchToRoute(Object(Illuminate\\Http\\Request))
#47 /Users/thiemdao/Desktop/project/elon-farm/vendor/laravel/framework/src/Illuminate/Foundation/Http/Kernel.php(190): Illuminate\\Routing\\Router->dispatch(Object(Illuminate\\Http\\Request))
#48 /Users/thiemdao/Desktop/project/elon-farm/vendor/laravel/framework/src/Illuminate/Pipeline/Pipeline.php(141): Illuminate\\Foundation\\Http\\Kernel->Illuminate\\Foundation\\Http\\{closure}(Object(Illuminate\\Http\\Request))
#49 /Users/thiemdao/Desktop/project/elon-farm/vendor/laravel/framework/src/Illuminate/Foundation/Http/Middleware/TransformsRequest.php(21): Illuminate\\Pipeline\\Pipeline->Illuminate\\Pipeline\\{closure}(Object(Illuminate\\Http\\Request))
#50 /Users/thiemdao/Desktop/project/elon-farm/vendor/laravel/framework/src/Illuminate/Foundation/Http/Middleware/ConvertEmptyStringsToNull.php(31): Illuminate\\Foundation\\Http\\Middleware\\TransformsRequest->handle(Object(Illuminate\\Http\\Request), Object(Closure))
#51 /Users/thiemdao/Desktop/project/elon-farm/vendor/laravel/framework/src/Illuminate/Pipeline/Pipeline.php(180): Illuminate\\Foundation\\Http\\Middleware\\ConvertEmptyStringsToNull->handle(Object(Illuminate\\Http\\Request), Object(Closure))
#52 /Users/thiemdao/Desktop/project/elon-farm/vendor/laravel/framework/src/Illuminate/Foundation/Http/Middleware/TransformsRequest.php(21): Illuminate\\Pipeline\\Pipeline->Illuminate\\Pipeline\\{closure}(Object(Illuminate\\Http\\Request))
#53 /Users/thiemdao/Desktop/project/elon-farm/vendor/laravel/framework/src/Illuminate/Foundation/Http/Middleware/TrimStrings.php(40): Illuminate\\Foundation\\Http\\Middleware\\TransformsRequest->handle(Object(Illuminate\\Http\\Request), Object(Closure))
#54 /Users/thiemdao/Desktop/project/elon-farm/vendor/laravel/framework/src/Illuminate/Pipeline/Pipeline.php(180): Illuminate\\Foundation\\Http\\Middleware\\TrimStrings->handle(Object(Illuminate\\Http\\Request), Object(Closure))
#55 /Users/thiemdao/Desktop/project/elon-farm/vendor/laravel/framework/src/Illuminate/Foundation/Http/Middleware/ValidatePostSize.php(27): Illuminate\\Pipeline\\Pipeline->Illuminate\\Pipeline\\{closure}(Object(Illuminate\\Http\\Request))
#56 /Users/thiemdao/Desktop/project/elon-farm/vendor/laravel/framework/src/Illuminate/Pipeline/Pipeline.php(180): Illuminate\\Foundation\\Http\\Middleware\\ValidatePostSize->handle(Object(Illuminate\\Http\\Request), Object(Closure))
#57 /Users/thiemdao/Desktop/project/elon-farm/vendor/laravel/framework/src/Illuminate/Foundation/Http/Middleware/PreventRequestsDuringMaintenance.php(86): Illuminate\\Pipeline\\Pipeline->Illuminate\\Pipeline\\{closure}(Object(Illuminate\\Http\\Request))
#58 /Users/thiemdao/Desktop/project/elon-farm/vendor/laravel/framework/src/Illuminate/Pipeline/Pipeline.php(180): Illuminate\\Foundation\\Http\\Middleware\\PreventRequestsDuringMaintenance->handle(Object(Illuminate\\Http\\Request), Object(Closure))
#59 /Users/thiemdao/Desktop/project/elon-farm/vendor/fruitcake/laravel-cors/src/HandleCors.php(38): Illuminate\\Pipeline\\Pipeline->Illuminate\\Pipeline\\{closure}(Object(Illuminate\\Http\\Request))
#60 /Users/thiemdao/Desktop/project/elon-farm/vendor/laravel/framework/src/Illuminate/Pipeline/Pipeline.php(180): Fruitcake\\Cors\\HandleCors->handle(Object(Illuminate\\Http\\Request), Object(Closure))
#61 /Users/thiemdao/Desktop/project/elon-farm/vendor/laravel/framework/src/Illuminate/Http/Middleware/TrustProxies.php(39): Illuminate\\Pipeline\\Pipeline->Illuminate\\Pipeline\\{closure}(Object(Illuminate\\Http\\Request))
#62 /Users/thiemdao/Desktop/project/elon-farm/vendor/laravel/framework/src/Illuminate/Pipeline/Pipeline.php(180): Illuminate\\Http\\Middleware\\TrustProxies->handle(Object(Illuminate\\Http\\Request), Object(Closure))
#63 /Users/thiemdao/Desktop/project/elon-farm/vendor/laravel/framework/src/Illuminate/Pipeline/Pipeline.php(116): Illuminate\\Pipeline\\Pipeline->Illuminate\\Pipeline\\{closure}(Object(Illuminate\\Http\\Request))
#64 /Users/thiemdao/Desktop/project/elon-farm/vendor/laravel/framework/src/Illuminate/Foundation/Http/Kernel.php(165): Illuminate\\Pipeline\\Pipeline->then(Object(Closure))
#65 /Users/thiemdao/Desktop/project/elon-farm/vendor/laravel/framework/src/Illuminate/Foundation/Http/Kernel.php(134): Illuminate\\Foundation\\Http\\Kernel->sendRequestThroughRouter(Object(Illuminate\\Http\\Request))
#66 /Users/thiemdao/Desktop/project/elon-farm/public/index.php(51): Illuminate\\Foundation\\Http\\Kernel->handle(Object(Illuminate\\Http\\Request))
#67 /Users/thiemdao/Desktop/project/elon-farm/server.php(21): require_once('/Users/thiemdao...')
#68 {main}
"} 
[2025-02-20 03:15:06] local.ERROR: Please provide a valid cache path. {"userId":1,"exception":"[object] (InvalidArgumentException(code: 0): Please provide a valid cache path. at /Users/thiemdao/Desktop/project/elon-farm/vendor/laravel/framework/src/Illuminate/View/Compilers/Compiler.php:66)
[stacktrace]
#0 /Users/thiemdao/Desktop/project/elon-farm/vendor/laravel/framework/src/Illuminate/View/ViewServiceProvider.php(96): Illuminate\\View\\Compilers\\Compiler->__construct(Object(Illuminate\\Filesystem\\Filesystem), false, '', true, 'php')
#1 /Users/thiemdao/Desktop/project/elon-farm/vendor/laravel/framework/src/Illuminate/Container/Container.php(885): Illuminate\\View\\ViewServiceProvider->Illuminate\\View\\{closure}(Object(Illuminate\\Foundation\\Application), Array)
#2 /Users/thiemdao/Desktop/project/elon-farm/vendor/laravel/framework/src/Illuminate/Container/Container.php(770): Illuminate\\Container\\Container->build(Object(Closure))
#3 /Users/thiemdao/Desktop/project/elon-farm/vendor/laravel/framework/src/Illuminate/Foundation/Application.php(856): Illuminate\\Container\\Container->resolve('blade.compiler', Array, true)
#4 /Users/thiemdao/Desktop/project/elon-farm/vendor/laravel/framework/src/Illuminate/Container/Container.php(706): Illuminate\\Foundation\\Application->resolve('blade.compiler', Array)
#5 /Users/thiemdao/Desktop/project/elon-farm/vendor/laravel/framework/src/Illuminate/Foundation/Application.php(841): Illuminate\\Container\\Container->make('blade.compiler', Array)
#6 /Users/thiemdao/Desktop/project/elon-farm/vendor/laravel/framework/src/Illuminate/Container/Container.php(1431): Illuminate\\Foundation\\Application->make('blade.compiler')
#7 /Users/thiemdao/Desktop/project/elon-farm/vendor/laravel/framework/src/Illuminate/View/ViewServiceProvider.php(164): Illuminate\\Container\\Container->offsetGet('blade.compiler')
#8 [internal function]: Illuminate\\View\\ViewServiceProvider->Illuminate\\View\\{closure}()
#9 /Users/thiemdao/Desktop/project/elon-farm/vendor/laravel/framework/src/Illuminate/View/Engines/EngineResolver.php(55): call_user_func(Object(Closure))
#10 /Users/thiemdao/Desktop/project/elon-farm/vendor/laravel/framework/src/Illuminate/View/Factory.php(310): Illuminate\\View\\Engines\\EngineResolver->resolve('blade')
#11 /Users/thiemdao/Desktop/project/elon-farm/vendor/laravel/framework/src/Illuminate/View/Factory.php(274): Illuminate\\View\\Factory->getEngineFromPath('/Users/thiemdao...')
#12 /Users/thiemdao/Desktop/project/elon-farm/vendor/laravel/framework/src/Illuminate/View/Factory.php(146): Illuminate\\View\\Factory->viewInstance('admin.index', '/Users/thiemdao...', Array)
#13 /Users/thiemdao/Desktop/project/elon-farm/vendor/laravel/framework/src/Illuminate/Foundation/helpers.php(1035): Illuminate\\View\\Factory->make('admin.index', Array, Array)
#14 /Users/thiemdao/Desktop/project/elon-farm/app/Http/Controllers/Admin/AdminController.php(26): view('admin.index', Array)
#15 /Users/thiemdao/Desktop/project/elon-farm/vendor/laravel/framework/src/Illuminate/Routing/Controller.php(54): App\\Http\\Controllers\\Admin\\AdminController->index()
#16 /Users/thiemdao/Desktop/project/elon-farm/vendor/laravel/framework/src/Illuminate/Routing/ControllerDispatcher.php(43): Illuminate\\Routing\\Controller->callAction('index', Array)
#17 /Users/thiemdao/Desktop/project/elon-farm/vendor/laravel/framework/src/Illuminate/Routing/Route.php(259): Illuminate\\Routing\\ControllerDispatcher->dispatch(Object(Illuminate\\Routing\\Route), Object(App\\Http\\Controllers\\Admin\\AdminController), 'index')
#18 /Users/thiemdao/Desktop/project/elon-farm/vendor/laravel/framework/src/Illuminate/Routing/Route.php(205): Illuminate\\Routing\\Route->runController()
#19 /Users/thiemdao/Desktop/project/elon-farm/vendor/laravel/framework/src/Illuminate/Routing/Router.php(798): Illuminate\\Routing\\Route->run()
#20 /Users/thiemdao/Desktop/project/elon-farm/vendor/laravel/framework/src/Illuminate/Pipeline/Pipeline.php(141): Illuminate\\Routing\\Router->Illuminate\\Routing\\{closure}(Object(Illuminate\\Http\\Request))
#21 /Users/thiemdao/Desktop/project/elon-farm/app/Http/Middleware/Backend.php(17): Illuminate\\Pipeline\\Pipeline->Illuminate\\Pipeline\\{closure}(Object(Illuminate\\Http\\Request))
#22 /Users/thiemdao/Desktop/project/elon-farm/vendor/laravel/framework/src/Illuminate/Pipeline/Pipeline.php(180): App\\Http\\Middleware\\Backend->handle(Object(Illuminate\\Http\\Request), Object(Closure))
#23 /Users/thiemdao/Desktop/project/elon-farm/app/Http/Middleware/LocaleMiddleware.php(24): Illuminate\\Pipeline\\Pipeline->Illuminate\\Pipeline\\{closure}(Object(Illuminate\\Http\\Request))
#24 /Users/thiemdao/Desktop/project/elon-farm/vendor/laravel/framework/src/Illuminate/Pipeline/Pipeline.php(180): App\\Http\\Middleware\\LocaleMiddleware->handle(Object(Illuminate\\Http\\Request), Object(Closure))
#25 /Users/thiemdao/Desktop/project/elon-farm/vendor/laravel/framework/src/Illuminate/Routing/Middleware/SubstituteBindings.php(50): Illuminate\\Pipeline\\Pipeline->Illuminate\\Pipeline\\{closure}(Object(Illuminate\\Http\\Request))
#26 /Users/thiemdao/Desktop/project/elon-farm/vendor/laravel/framework/src/Illuminate/Pipeline/Pipeline.php(180): Illuminate\\Routing\\Middleware\\SubstituteBindings->handle(Object(Illuminate\\Http\\Request), Object(Closure))
#27 /Users/thiemdao/Desktop/project/elon-farm/vendor/laravel/framework/src/Illuminate/Auth/Middleware/Authenticate.php(44): Illuminate\\Pipeline\\Pipeline->Illuminate\\Pipeline\\{closure}(Object(Illuminate\\Http\\Request))
#28 /Users/thiemdao/Desktop/project/elon-farm/vendor/laravel/framework/src/Illuminate/Pipeline/Pipeline.php(180): Illuminate\\Auth\\Middleware\\Authenticate->handle(Object(Illuminate\\Http\\Request), Object(Closure))
#29 /Users/thiemdao/Desktop/project/elon-farm/app/Http/Middleware/Localization.php(24): Illuminate\\Pipeline\\Pipeline->Illuminate\\Pipeline\\{closure}(Object(Illuminate\\Http\\Request))
#30 /Users/thiemdao/Desktop/project/elon-farm/vendor/laravel/framework/src/Illuminate/Pipeline/Pipeline.php(180): App\\Http\\Middleware\\Localization->handle(Object(Illuminate\\Http\\Request), Object(Closure))
#31 /Users/thiemdao/Desktop/project/elon-farm/vendor/laravel/framework/src/Illuminate/Foundation/Http/Middleware/VerifyCsrfToken.php(78): Illuminate\\Pipeline\\Pipeline->Illuminate\\Pipeline\\{closure}(Object(Illuminate\\Http\\Request))
#32 /Users/thiemdao/Desktop/project/elon-farm/vendor/laravel/framework/src/Illuminate/Pipeline/Pipeline.php(180): Illuminate\\Foundation\\Http\\Middleware\\VerifyCsrfToken->handle(Object(Illuminate\\Http\\Request), Object(Closure))
#33 /Users/thiemdao/Desktop/project/elon-farm/vendor/laravel/framework/src/Illuminate/View/Middleware/ShareErrorsFromSession.php(49): Illuminate\\Pipeline\\Pipeline->Illuminate\\Pipeline\\{closure}(Object(Illuminate\\Http\\Request))
#34 /Users/thiemdao/Desktop/project/elon-farm/vendor/laravel/framework/src/Illuminate/Pipeline/Pipeline.php(180): Illuminate\\View\\Middleware\\ShareErrorsFromSession->handle(Object(Illuminate\\Http\\Request), Object(Closure))
#35 /Users/thiemdao/Desktop/project/elon-farm/vendor/laravel/framework/src/Illuminate/Session/Middleware/StartSession.php(121): Illuminate\\Pipeline\\Pipeline->Illuminate\\Pipeline\\{closure}(Object(Illuminate\\Http\\Request))
#36 /Users/thiemdao/Desktop/project/elon-farm/vendor/laravel/framework/src/Illuminate/Session/Middleware/StartSession.php(64): Illuminate\\Session\\Middleware\\StartSession->handleStatefulRequest(Object(Illuminate\\Http\\Request), Object(Illuminate\\Session\\Store), Object(Closure))
#37 /Users/thiemdao/Desktop/project/elon-farm/vendor/laravel/framework/src/Illuminate/Pipeline/Pipeline.php(180): Illuminate\\Session\\Middleware\\StartSession->handle(Object(Illuminate\\Http\\Request), Object(Closure))
#38 /Users/thiemdao/Desktop/project/elon-farm/vendor/laravel/framework/src/Illuminate/Cookie/Middleware/AddQueuedCookiesToResponse.php(37): Illuminate\\Pipeline\\Pipeline->Illuminate\\Pipeline\\{closure}(Object(Illuminate\\Http\\Request))
#39 /Users/thiemdao/Desktop/project/elon-farm/vendor/laravel/framework/src/Illuminate/Pipeline/Pipeline.php(180): Illuminate\\Cookie\\Middleware\\AddQueuedCookiesToResponse->handle(Object(Illuminate\\Http\\Request), Object(Closure))
#40 /Users/thiemdao/Desktop/project/elon-farm/vendor/laravel/framework/src/Illuminate/Cookie/Middleware/EncryptCookies.php(67): Illuminate\\Pipeline\\Pipeline->Illuminate\\Pipeline\\{closure}(Object(Illuminate\\Http\\Request))
#41 /Users/thiemdao/Desktop/project/elon-farm/vendor/laravel/framework/src/Illuminate/Pipeline/Pipeline.php(180): Illuminate\\Cookie\\Middleware\\EncryptCookies->handle(Object(Illuminate\\Http\\Request), Object(Closure))
#42 /Users/thiemdao/Desktop/project/elon-farm/vendor/laravel/framework/src/Illuminate/Pipeline/Pipeline.php(116): Illuminate\\Pipeline\\Pipeline->Illuminate\\Pipeline\\{closure}(Object(Illuminate\\Http\\Request))
#43 /Users/thiemdao/Desktop/project/elon-farm/vendor/laravel/framework/src/Illuminate/Routing/Router.php(797): Illuminate\\Pipeline\\Pipeline->then(Object(Closure))
#44 /Users/thiemdao/Desktop/project/elon-farm/vendor/laravel/framework/src/Illuminate/Routing/Router.php(776): Illuminate\\Routing\\Router->runRouteWithinStack(Object(Illuminate\\Routing\\Route), Object(Illuminate\\Http\\Request))
#45 /Users/thiemdao/Desktop/project/elon-farm/vendor/laravel/framework/src/Illuminate/Routing/Router.php(740): Illuminate\\Routing\\Router->runRoute(Object(Illuminate\\Http\\Request), Object(Illuminate\\Routing\\Route))
#46 /Users/thiemdao/Desktop/project/elon-farm/vendor/laravel/framework/src/Illuminate/Routing/Router.php(729): Illuminate\\Routing\\Router->dispatchToRoute(Object(Illuminate\\Http\\Request))
#47 /Users/thiemdao/Desktop/project/elon-farm/vendor/laravel/framework/src/Illuminate/Foundation/Http/Kernel.php(190): Illuminate\\Routing\\Router->dispatch(Object(Illuminate\\Http\\Request))
#48 /Users/thiemdao/Desktop/project/elon-farm/vendor/laravel/framework/src/Illuminate/Pipeline/Pipeline.php(141): Illuminate\\Foundation\\Http\\Kernel->Illuminate\\Foundation\\Http\\{closure}(Object(Illuminate\\Http\\Request))
#49 /Users/thiemdao/Desktop/project/elon-farm/vendor/laravel/framework/src/Illuminate/Foundation/Http/Middleware/TransformsRequest.php(21): Illuminate\\Pipeline\\Pipeline->Illuminate\\Pipeline\\{closure}(Object(Illuminate\\Http\\Request))
#50 /Users/thiemdao/Desktop/project/elon-farm/vendor/laravel/framework/src/Illuminate/Foundation/Http/Middleware/ConvertEmptyStringsToNull.php(31): Illuminate\\Foundation\\Http\\Middleware\\TransformsRequest->handle(Object(Illuminate\\Http\\Request), Object(Closure))
#51 /Users/thiemdao/Desktop/project/elon-farm/vendor/laravel/framework/src/Illuminate/Pipeline/Pipeline.php(180): Illuminate\\Foundation\\Http\\Middleware\\ConvertEmptyStringsToNull->handle(Object(Illuminate\\Http\\Request), Object(Closure))
#52 /Users/thiemdao/Desktop/project/elon-farm/vendor/laravel/framework/src/Illuminate/Foundation/Http/Middleware/TransformsRequest.php(21): Illuminate\\Pipeline\\Pipeline->Illuminate\\Pipeline\\{closure}(Object(Illuminate\\Http\\Request))
#53 /Users/thiemdao/Desktop/project/elon-farm/vendor/laravel/framework/src/Illuminate/Foundation/Http/Middleware/TrimStrings.php(40): Illuminate\\Foundation\\Http\\Middleware\\TransformsRequest->handle(Object(Illuminate\\Http\\Request), Object(Closure))
#54 /Users/thiemdao/Desktop/project/elon-farm/vendor/laravel/framework/src/Illuminate/Pipeline/Pipeline.php(180): Illuminate\\Foundation\\Http\\Middleware\\TrimStrings->handle(Object(Illuminate\\Http\\Request), Object(Closure))
#55 /Users/thiemdao/Desktop/project/elon-farm/vendor/laravel/framework/src/Illuminate/Foundation/Http/Middleware/ValidatePostSize.php(27): Illuminate\\Pipeline\\Pipeline->Illuminate\\Pipeline\\{closure}(Object(Illuminate\\Http\\Request))
#56 /Users/thiemdao/Desktop/project/elon-farm/vendor/laravel/framework/src/Illuminate/Pipeline/Pipeline.php(180): Illuminate\\Foundation\\Http\\Middleware\\ValidatePostSize->handle(Object(Illuminate\\Http\\Request), Object(Closure))
#57 /Users/thiemdao/Desktop/project/elon-farm/vendor/laravel/framework/src/Illuminate/Foundation/Http/Middleware/PreventRequestsDuringMaintenance.php(86): Illuminate\\Pipeline\\Pipeline->Illuminate\\Pipeline\\{closure}(Object(Illuminate\\Http\\Request))
#58 /Users/thiemdao/Desktop/project/elon-farm/vendor/laravel/framework/src/Illuminate/Pipeline/Pipeline.php(180): Illuminate\\Foundation\\Http\\Middleware\\PreventRequestsDuringMaintenance->handle(Object(Illuminate\\Http\\Request), Object(Closure))
#59 /Users/thiemdao/Desktop/project/elon-farm/vendor/fruitcake/laravel-cors/src/HandleCors.php(38): Illuminate\\Pipeline\\Pipeline->Illuminate\\Pipeline\\{closure}(Object(Illuminate\\Http\\Request))
#60 /Users/thiemdao/Desktop/project/elon-farm/vendor/laravel/framework/src/Illuminate/Pipeline/Pipeline.php(180): Fruitcake\\Cors\\HandleCors->handle(Object(Illuminate\\Http\\Request), Object(Closure))
#61 /Users/thiemdao/Desktop/project/elon-farm/vendor/laravel/framework/src/Illuminate/Http/Middleware/TrustProxies.php(39): Illuminate\\Pipeline\\Pipeline->Illuminate\\Pipeline\\{closure}(Object(Illuminate\\Http\\Request))
#62 /Users/thiemdao/Desktop/project/elon-farm/vendor/laravel/framework/src/Illuminate/Pipeline/Pipeline.php(180): Illuminate\\Http\\Middleware\\TrustProxies->handle(Object(Illuminate\\Http\\Request), Object(Closure))
#63 /Users/thiemdao/Desktop/project/elon-farm/vendor/laravel/framework/src/Illuminate/Pipeline/Pipeline.php(116): Illuminate\\Pipeline\\Pipeline->Illuminate\\Pipeline\\{closure}(Object(Illuminate\\Http\\Request))
#64 /Users/thiemdao/Desktop/project/elon-farm/vendor/laravel/framework/src/Illuminate/Foundation/Http/Kernel.php(165): Illuminate\\Pipeline\\Pipeline->then(Object(Closure))
#65 /Users/thiemdao/Desktop/project/elon-farm/vendor/laravel/framework/src/Illuminate/Foundation/Http/Kernel.php(134): Illuminate\\Foundation\\Http\\Kernel->sendRequestThroughRouter(Object(Illuminate\\Http\\Request))
#66 /Users/thiemdao/Desktop/project/elon-farm/public/index.php(51): Illuminate\\Foundation\\Http\\Kernel->handle(Object(Illuminate\\Http\\Request))
#67 /Users/thiemdao/Desktop/project/elon-farm/server.php(21): require_once('/Users/thiemdao...')
#68 {main}
"} 
[2025-02-21 07:25:22] local.ERROR: SQLSTATE[42S22]: Column not found: 1054 Unknown column 'customer_name' in 'field list' (SQL: insert into `orders` (`product_id`, `customer_name`, `customer_address_mail`, `customer_number_phone`, `type`, `date`, `adults`, `youth`, `children`, `price`, `special_request`, `is_transportation`, `updated_at`, `created_at`) values (21, ?, ?, ?, 0, 02/10/2025, 4, 0, 0, ?, , 1, 2025-02-21 07:25:21, 2025-02-21 07:25:21)) {"userId":1,"exception":"[object] (Illuminate\\Database\\QueryException(code: 42S22): SQLSTATE[42S22]: Column not found: 1054 Unknown column 'customer_name' in 'field list' (SQL: insert into `orders` (`product_id`, `customer_name`, `customer_address_mail`, `customer_number_phone`, `type`, `date`, `adults`, `youth`, `children`, `price`, `special_request`, `is_transportation`, `updated_at`, `created_at`) values (21, ?, ?, ?, 0, 02/10/2025, 4, 0, 0, ?, , 1, 2025-02-21 07:25:21, 2025-02-21 07:25:21)) at /Users/HaydenNguyen/Documents/Freelance/Elon Farm/elon-farm/vendor/laravel/framework/src/Illuminate/Database/Connection.php:760)
[stacktrace]
#0 /Users/HaydenNguyen/Documents/Freelance/Elon Farm/elon-farm/vendor/laravel/framework/src/Illuminate/Database/Connection.php(720): Illuminate\\Database\\Connection->runQueryCallback('insert into `or...', Array, Object(Closure))
#1 /Users/HaydenNguyen/Documents/Freelance/Elon Farm/elon-farm/vendor/laravel/framework/src/Illuminate/Database/Connection.php(534): Illuminate\\Database\\Connection->run('insert into `or...', Array, Object(Closure))
#2 /Users/HaydenNguyen/Documents/Freelance/Elon Farm/elon-farm/vendor/laravel/framework/src/Illuminate/Database/Connection.php(498): Illuminate\\Database\\Connection->statement('insert into `or...', Array)
#3 /Users/HaydenNguyen/Documents/Freelance/Elon Farm/elon-farm/vendor/laravel/framework/src/Illuminate/Database/Query/Processors/Processor.php(32): Illuminate\\Database\\Connection->insert('insert into `or...', Array)
#4 /Users/HaydenNguyen/Documents/Freelance/Elon Farm/elon-farm/vendor/laravel/framework/src/Illuminate/Database/Query/Builder.php(3322): Illuminate\\Database\\Query\\Processors\\Processor->processInsertGetId(Object(Illuminate\\Database\\Query\\Builder), 'insert into `or...', Array, 'id')
#5 /Users/HaydenNguyen/Documents/Freelance/Elon Farm/elon-farm/vendor/laravel/framework/src/Illuminate/Database/Eloquent/Builder.php(1869): Illuminate\\Database\\Query\\Builder->insertGetId(Array, 'id')
#6 /Users/HaydenNguyen/Documents/Freelance/Elon Farm/elon-farm/vendor/laravel/framework/src/Illuminate/Database/Eloquent/Model.php(1330): Illuminate\\Database\\Eloquent\\Builder->__call('insertGetId', Array)
#7 /Users/HaydenNguyen/Documents/Freelance/Elon Farm/elon-farm/vendor/laravel/framework/src/Illuminate/Database/Eloquent/Model.php(1295): Illuminate\\Database\\Eloquent\\Model->insertAndSetId(Object(Illuminate\\Database\\Eloquent\\Builder), Array)
#8 /Users/HaydenNguyen/Documents/Freelance/Elon Farm/elon-farm/vendor/laravel/framework/src/Illuminate/Database/Eloquent/Model.php(1138): Illuminate\\Database\\Eloquent\\Model->performInsert(Object(Illuminate\\Database\\Eloquent\\Builder))
#9 /Users/HaydenNguyen/Documents/Freelance/Elon Farm/elon-farm/vendor/laravel/framework/src/Illuminate/Database/Eloquent/Builder.php(986): Illuminate\\Database\\Eloquent\\Model->save()
#10 /Users/HaydenNguyen/Documents/Freelance/Elon Farm/elon-farm/vendor/laravel/framework/src/Illuminate/Support/helpers.php(306): Illuminate\\Database\\Eloquent\\Builder->Illuminate\\Database\\Eloquent\\{closure}(Object(App\\Models\\Order))
#11 /Users/HaydenNguyen/Documents/Freelance/Elon Farm/elon-farm/vendor/laravel/framework/src/Illuminate/Database/Eloquent/Builder.php(985): tap(Object(App\\Models\\Order), Object(Closure))
#12 /Users/HaydenNguyen/Documents/Freelance/Elon Farm/elon-farm/vendor/laravel/framework/src/Illuminate/Support/Traits/ForwardsCalls.php(23): Illuminate\\Database\\Eloquent\\Builder->create(Array)
#13 /Users/HaydenNguyen/Documents/Freelance/Elon Farm/elon-farm/vendor/laravel/framework/src/Illuminate/Database/Eloquent/Model.php(2330): Illuminate\\Database\\Eloquent\\Model->forwardCallTo(Object(Illuminate\\Database\\Eloquent\\Builder), 'create', Array)
#14 /Users/HaydenNguyen/Documents/Freelance/Elon Farm/elon-farm/vendor/laravel/framework/src/Illuminate/Database/Eloquent/Model.php(2342): Illuminate\\Database\\Eloquent\\Model->__call('create', Array)
#15 /Users/HaydenNguyen/Documents/Freelance/Elon Farm/elon-farm/app/Http/Controllers/Frontend/FrontendController.php(223): Illuminate\\Database\\Eloquent\\Model::__callStatic('create', Array)
#16 /Users/HaydenNguyen/Documents/Freelance/Elon Farm/elon-farm/vendor/laravel/framework/src/Illuminate/Routing/Controller.php(54): App\\Http\\Controllers\\Frontend\\FrontendController->bookTour(Object(Illuminate\\Http\\Request))
#17 /Users/HaydenNguyen/Documents/Freelance/Elon Farm/elon-farm/vendor/laravel/framework/src/Illuminate/Routing/ControllerDispatcher.php(43): Illuminate\\Routing\\Controller->callAction('bookTour', Array)
#18 /Users/HaydenNguyen/Documents/Freelance/Elon Farm/elon-farm/vendor/laravel/framework/src/Illuminate/Routing/Route.php(259): Illuminate\\Routing\\ControllerDispatcher->dispatch(Object(Illuminate\\Routing\\Route), Object(App\\Http\\Controllers\\Frontend\\FrontendController), 'bookTour')
#19 /Users/HaydenNguyen/Documents/Freelance/Elon Farm/elon-farm/vendor/laravel/framework/src/Illuminate/Routing/Route.php(205): Illuminate\\Routing\\Route->runController()
#20 /Users/HaydenNguyen/Documents/Freelance/Elon Farm/elon-farm/vendor/laravel/framework/src/Illuminate/Routing/Router.php(798): Illuminate\\Routing\\Route->run()
#21 /Users/HaydenNguyen/Documents/Freelance/Elon Farm/elon-farm/vendor/laravel/framework/src/Illuminate/Pipeline/Pipeline.php(141): Illuminate\\Routing\\Router->Illuminate\\Routing\\{closure}(Object(Illuminate\\Http\\Request))
#22 /Users/HaydenNguyen/Documents/Freelance/Elon Farm/elon-farm/app/Http/Middleware/Frontend.php(44): Illuminate\\Pipeline\\Pipeline->Illuminate\\Pipeline\\{closure}(Object(Illuminate\\Http\\Request))
#23 /Users/HaydenNguyen/Documents/Freelance/Elon Farm/elon-farm/vendor/laravel/framework/src/Illuminate/Pipeline/Pipeline.php(180): App\\Http\\Middleware\\Frontend->handle(Object(Illuminate\\Http\\Request), Object(Closure))
#24 /Users/HaydenNguyen/Documents/Freelance/Elon Farm/elon-farm/app/Http/Middleware/LocaleMiddleware.php(24): Illuminate\\Pipeline\\Pipeline->Illuminate\\Pipeline\\{closure}(Object(Illuminate\\Http\\Request))
#25 /Users/HaydenNguyen/Documents/Freelance/Elon Farm/elon-farm/vendor/laravel/framework/src/Illuminate/Pipeline/Pipeline.php(180): App\\Http\\Middleware\\LocaleMiddleware->handle(Object(Illuminate\\Http\\Request), Object(Closure))
#26 /Users/HaydenNguyen/Documents/Freelance/Elon Farm/elon-farm/vendor/laravel/framework/src/Illuminate/Routing/Middleware/SubstituteBindings.php(50): Illuminate\\Pipeline\\Pipeline->Illuminate\\Pipeline\\{closure}(Object(Illuminate\\Http\\Request))
#27 /Users/HaydenNguyen/Documents/Freelance/Elon Farm/elon-farm/vendor/laravel/framework/src/Illuminate/Pipeline/Pipeline.php(180): Illuminate\\Routing\\Middleware\\SubstituteBindings->handle(Object(Illuminate\\Http\\Request), Object(Closure))
#28 /Users/HaydenNguyen/Documents/Freelance/Elon Farm/elon-farm/app/Http/Middleware/Localization.php(24): Illuminate\\Pipeline\\Pipeline->Illuminate\\Pipeline\\{closure}(Object(Illuminate\\Http\\Request))
#29 /Users/HaydenNguyen/Documents/Freelance/Elon Farm/elon-farm/vendor/laravel/framework/src/Illuminate/Pipeline/Pipeline.php(180): App\\Http\\Middleware\\Localization->handle(Object(Illuminate\\Http\\Request), Object(Closure))
#30 /Users/HaydenNguyen/Documents/Freelance/Elon Farm/elon-farm/vendor/laravel/framework/src/Illuminate/Foundation/Http/Middleware/VerifyCsrfToken.php(78): Illuminate\\Pipeline\\Pipeline->Illuminate\\Pipeline\\{closure}(Object(Illuminate\\Http\\Request))
#31 /Users/HaydenNguyen/Documents/Freelance/Elon Farm/elon-farm/vendor/laravel/framework/src/Illuminate/Pipeline/Pipeline.php(180): Illuminate\\Foundation\\Http\\Middleware\\VerifyCsrfToken->handle(Object(Illuminate\\Http\\Request), Object(Closure))
#32 /Users/HaydenNguyen/Documents/Freelance/Elon Farm/elon-farm/vendor/laravel/framework/src/Illuminate/View/Middleware/ShareErrorsFromSession.php(49): Illuminate\\Pipeline\\Pipeline->Illuminate\\Pipeline\\{closure}(Object(Illuminate\\Http\\Request))
#33 /Users/HaydenNguyen/Documents/Freelance/Elon Farm/elon-farm/vendor/laravel/framework/src/Illuminate/Pipeline/Pipeline.php(180): Illuminate\\View\\Middleware\\ShareErrorsFromSession->handle(Object(Illuminate\\Http\\Request), Object(Closure))
#34 /Users/HaydenNguyen/Documents/Freelance/Elon Farm/elon-farm/vendor/laravel/framework/src/Illuminate/Session/Middleware/StartSession.php(121): Illuminate\\Pipeline\\Pipeline->Illuminate\\Pipeline\\{closure}(Object(Illuminate\\Http\\Request))
#35 /Users/HaydenNguyen/Documents/Freelance/Elon Farm/elon-farm/vendor/laravel/framework/src/Illuminate/Session/Middleware/StartSession.php(64): Illuminate\\Session\\Middleware\\StartSession->handleStatefulRequest(Object(Illuminate\\Http\\Request), Object(Illuminate\\Session\\Store), Object(Closure))
#36 /Users/HaydenNguyen/Documents/Freelance/Elon Farm/elon-farm/vendor/laravel/framework/src/Illuminate/Pipeline/Pipeline.php(180): Illuminate\\Session\\Middleware\\StartSession->handle(Object(Illuminate\\Http\\Request), Object(Closure))
#37 /Users/HaydenNguyen/Documents/Freelance/Elon Farm/elon-farm/vendor/laravel/framework/src/Illuminate/Cookie/Middleware/AddQueuedCookiesToResponse.php(37): Illuminate\\Pipeline\\Pipeline->Illuminate\\Pipeline\\{closure}(Object(Illuminate\\Http\\Request))
#38 /Users/HaydenNguyen/Documents/Freelance/Elon Farm/elon-farm/vendor/laravel/framework/src/Illuminate/Pipeline/Pipeline.php(180): Illuminate\\Cookie\\Middleware\\AddQueuedCookiesToResponse->handle(Object(Illuminate\\Http\\Request), Object(Closure))
#39 /Users/HaydenNguyen/Documents/Freelance/Elon Farm/elon-farm/vendor/laravel/framework/src/Illuminate/Cookie/Middleware/EncryptCookies.php(67): Illuminate\\Pipeline\\Pipeline->Illuminate\\Pipeline\\{closure}(Object(Illuminate\\Http\\Request))
#40 /Users/HaydenNguyen/Documents/Freelance/Elon Farm/elon-farm/vendor/laravel/framework/src/Illuminate/Pipeline/Pipeline.php(180): Illuminate\\Cookie\\Middleware\\EncryptCookies->handle(Object(Illuminate\\Http\\Request), Object(Closure))
#41 /Users/HaydenNguyen/Documents/Freelance/Elon Farm/elon-farm/vendor/laravel/framework/src/Illuminate/Pipeline/Pipeline.php(116): Illuminate\\Pipeline\\Pipeline->Illuminate\\Pipeline\\{closure}(Object(Illuminate\\Http\\Request))
#42 /Users/HaydenNguyen/Documents/Freelance/Elon Farm/elon-farm/vendor/laravel/framework/src/Illuminate/Routing/Router.php(797): Illuminate\\Pipeline\\Pipeline->then(Object(Closure))
#43 /Users/HaydenNguyen/Documents/Freelance/Elon Farm/elon-farm/vendor/laravel/framework/src/Illuminate/Routing/Router.php(776): Illuminate\\Routing\\Router->runRouteWithinStack(Object(Illuminate\\Routing\\Route), Object(Illuminate\\Http\\Request))
#44 /Users/HaydenNguyen/Documents/Freelance/Elon Farm/elon-farm/vendor/laravel/framework/src/Illuminate/Routing/Router.php(740): Illuminate\\Routing\\Router->runRoute(Object(Illuminate\\Http\\Request), Object(Illuminate\\Routing\\Route))
#45 /Users/HaydenNguyen/Documents/Freelance/Elon Farm/elon-farm/vendor/laravel/framework/src/Illuminate/Routing/Router.php(729): Illuminate\\Routing\\Router->dispatchToRoute(Object(Illuminate\\Http\\Request))
#46 /Users/HaydenNguyen/Documents/Freelance/Elon Farm/elon-farm/vendor/laravel/framework/src/Illuminate/Foundation/Http/Kernel.php(190): Illuminate\\Routing\\Router->dispatch(Object(Illuminate\\Http\\Request))
#47 /Users/HaydenNguyen/Documents/Freelance/Elon Farm/elon-farm/vendor/laravel/framework/src/Illuminate/Pipeline/Pipeline.php(141): Illuminate\\Foundation\\Http\\Kernel->Illuminate\\Foundation\\Http\\{closure}(Object(Illuminate\\Http\\Request))
#48 /Users/HaydenNguyen/Documents/Freelance/Elon Farm/elon-farm/app/Http/Middleware/CheckDomain.php(22): Illuminate\\Pipeline\\Pipeline->Illuminate\\Pipeline\\{closure}(Object(Illuminate\\Http\\Request))
#49 /Users/HaydenNguyen/Documents/Freelance/Elon Farm/elon-farm/vendor/laravel/framework/src/Illuminate/Pipeline/Pipeline.php(180): App\\Http\\Middleware\\CheckDomain->handle(Object(Illuminate\\Http\\Request), Object(Closure))
#50 /Users/HaydenNguyen/Documents/Freelance/Elon Farm/elon-farm/vendor/laravel/framework/src/Illuminate/Foundation/Http/Middleware/TransformsRequest.php(21): Illuminate\\Pipeline\\Pipeline->Illuminate\\Pipeline\\{closure}(Object(Illuminate\\Http\\Request))
#51 /Users/HaydenNguyen/Documents/Freelance/Elon Farm/elon-farm/vendor/laravel/framework/src/Illuminate/Foundation/Http/Middleware/ConvertEmptyStringsToNull.php(31): Illuminate\\Foundation\\Http\\Middleware\\TransformsRequest->handle(Object(Illuminate\\Http\\Request), Object(Closure))
#52 /Users/HaydenNguyen/Documents/Freelance/Elon Farm/elon-farm/vendor/laravel/framework/src/Illuminate/Pipeline/Pipeline.php(180): Illuminate\\Foundation\\Http\\Middleware\\ConvertEmptyStringsToNull->handle(Object(Illuminate\\Http\\Request), Object(Closure))
#53 /Users/HaydenNguyen/Documents/Freelance/Elon Farm/elon-farm/vendor/laravel/framework/src/Illuminate/Foundation/Http/Middleware/TransformsRequest.php(21): Illuminate\\Pipeline\\Pipeline->Illuminate\\Pipeline\\{closure}(Object(Illuminate\\Http\\Request))
#54 /Users/HaydenNguyen/Documents/Freelance/Elon Farm/elon-farm/vendor/laravel/framework/src/Illuminate/Foundation/Http/Middleware/TrimStrings.php(40): Illuminate\\Foundation\\Http\\Middleware\\TransformsRequest->handle(Object(Illuminate\\Http\\Request), Object(Closure))
#55 /Users/HaydenNguyen/Documents/Freelance/Elon Farm/elon-farm/vendor/laravel/framework/src/Illuminate/Pipeline/Pipeline.php(180): Illuminate\\Foundation\\Http\\Middleware\\TrimStrings->handle(Object(Illuminate\\Http\\Request), Object(Closure))
#56 /Users/HaydenNguyen/Documents/Freelance/Elon Farm/elon-farm/vendor/laravel/framework/src/Illuminate/Foundation/Http/Middleware/ValidatePostSize.php(27): Illuminate\\Pipeline\\Pipeline->Illuminate\\Pipeline\\{closure}(Object(Illuminate\\Http\\Request))
#57 /Users/HaydenNguyen/Documents/Freelance/Elon Farm/elon-farm/vendor/laravel/framework/src/Illuminate/Pipeline/Pipeline.php(180): Illuminate\\Foundation\\Http\\Middleware\\ValidatePostSize->handle(Object(Illuminate\\Http\\Request), Object(Closure))
#58 /Users/HaydenNguyen/Documents/Freelance/Elon Farm/elon-farm/vendor/laravel/framework/src/Illuminate/Foundation/Http/Middleware/PreventRequestsDuringMaintenance.php(86): Illuminate\\Pipeline\\Pipeline->Illuminate\\Pipeline\\{closure}(Object(Illuminate\\Http\\Request))
#59 /Users/HaydenNguyen/Documents/Freelance/Elon Farm/elon-farm/vendor/laravel/framework/src/Illuminate/Pipeline/Pipeline.php(180): Illuminate\\Foundation\\Http\\Middleware\\PreventRequestsDuringMaintenance->handle(Object(Illuminate\\Http\\Request), Object(Closure))
#60 /Users/HaydenNguyen/Documents/Freelance/Elon Farm/elon-farm/vendor/fruitcake/laravel-cors/src/HandleCors.php(38): Illuminate\\Pipeline\\Pipeline->Illuminate\\Pipeline\\{closure}(Object(Illuminate\\Http\\Request))
#61 /Users/HaydenNguyen/Documents/Freelance/Elon Farm/elon-farm/vendor/laravel/framework/src/Illuminate/Pipeline/Pipeline.php(180): Fruitcake\\Cors\\HandleCors->handle(Object(Illuminate\\Http\\Request), Object(Closure))
#62 /Users/HaydenNguyen/Documents/Freelance/Elon Farm/elon-farm/vendor/laravel/framework/src/Illuminate/Http/Middleware/TrustProxies.php(39): Illuminate\\Pipeline\\Pipeline->Illuminate\\Pipeline\\{closure}(Object(Illuminate\\Http\\Request))
#63 /Users/HaydenNguyen/Documents/Freelance/Elon Farm/elon-farm/vendor/laravel/framework/src/Illuminate/Pipeline/Pipeline.php(180): Illuminate\\Http\\Middleware\\TrustProxies->handle(Object(Illuminate\\Http\\Request), Object(Closure))
#64 /Users/HaydenNguyen/Documents/Freelance/Elon Farm/elon-farm/vendor/laravel/framework/src/Illuminate/Pipeline/Pipeline.php(116): Illuminate\\Pipeline\\Pipeline->Illuminate\\Pipeline\\{closure}(Object(Illuminate\\Http\\Request))
#65 /Users/HaydenNguyen/Documents/Freelance/Elon Farm/elon-farm/vendor/laravel/framework/src/Illuminate/Foundation/Http/Kernel.php(165): Illuminate\\Pipeline\\Pipeline->then(Object(Closure))
#66 /Users/HaydenNguyen/Documents/Freelance/Elon Farm/elon-farm/vendor/laravel/framework/src/Illuminate/Foundation/Http/Kernel.php(134): Illuminate\\Foundation\\Http\\Kernel->sendRequestThroughRouter(Object(Illuminate\\Http\\Request))
#67 /Users/HaydenNguyen/Documents/Freelance/Elon Farm/elon-farm/public/index.php(51): Illuminate\\Foundation\\Http\\Kernel->handle(Object(Illuminate\\Http\\Request))
#68 /Users/HaydenNguyen/Documents/Freelance/Elon Farm/elon-farm/server.php(21): require_once('/Users/HaydenNg...')
#69 {main}

[previous exception] [object] (PDOException(code: 42S22): SQLSTATE[42S22]: Column not found: 1054 Unknown column 'customer_name' in 'field list' at /Users/HaydenNguyen/Documents/Freelance/Elon Farm/elon-farm/vendor/laravel/framework/src/Illuminate/Database/Connection.php:539)
[stacktrace]
#0 /Users/HaydenNguyen/Documents/Freelance/Elon Farm/elon-farm/vendor/laravel/framework/src/Illuminate/Database/Connection.php(539): PDO->prepare('insert into `or...')
#1 /Users/HaydenNguyen/Documents/Freelance/Elon Farm/elon-farm/vendor/laravel/framework/src/Illuminate/Database/Connection.php(753): Illuminate\\Database\\Connection->Illuminate\\Database\\{closure}('insert into `or...', Array)
#2 /Users/HaydenNguyen/Documents/Freelance/Elon Farm/elon-farm/vendor/laravel/framework/src/Illuminate/Database/Connection.php(720): Illuminate\\Database\\Connection->runQueryCallback('insert into `or...', Array, Object(Closure))
#3 /Users/HaydenNguyen/Documents/Freelance/Elon Farm/elon-farm/vendor/laravel/framework/src/Illuminate/Database/Connection.php(534): Illuminate\\Database\\Connection->run('insert into `or...', Array, Object(Closure))
#4 /Users/HaydenNguyen/Documents/Freelance/Elon Farm/elon-farm/vendor/laravel/framework/src/Illuminate/Database/Connection.php(498): Illuminate\\Database\\Connection->statement('insert into `or...', Array)
#5 /Users/HaydenNguyen/Documents/Freelance/Elon Farm/elon-farm/vendor/laravel/framework/src/Illuminate/Database/Query/Processors/Processor.php(32): Illuminate\\Database\\Connection->insert('insert into `or...', Array)
#6 /Users/HaydenNguyen/Documents/Freelance/Elon Farm/elon-farm/vendor/laravel/framework/src/Illuminate/Database/Query/Builder.php(3322): Illuminate\\Database\\Query\\Processors\\Processor->processInsertGetId(Object(Illuminate\\Database\\Query\\Builder), 'insert into `or...', Array, 'id')
#7 /Users/HaydenNguyen/Documents/Freelance/Elon Farm/elon-farm/vendor/laravel/framework/src/Illuminate/Database/Eloquent/Builder.php(1869): Illuminate\\Database\\Query\\Builder->insertGetId(Array, 'id')
#8 /Users/HaydenNguyen/Documents/Freelance/Elon Farm/elon-farm/vendor/laravel/framework/src/Illuminate/Database/Eloquent/Model.php(1330): Illuminate\\Database\\Eloquent\\Builder->__call('insertGetId', Array)
#9 /Users/HaydenNguyen/Documents/Freelance/Elon Farm/elon-farm/vendor/laravel/framework/src/Illuminate/Database/Eloquent/Model.php(1295): Illuminate\\Database\\Eloquent\\Model->insertAndSetId(Object(Illuminate\\Database\\Eloquent\\Builder), Array)
#10 /Users/HaydenNguyen/Documents/Freelance/Elon Farm/elon-farm/vendor/laravel/framework/src/Illuminate/Database/Eloquent/Model.php(1138): Illuminate\\Database\\Eloquent\\Model->performInsert(Object(Illuminate\\Database\\Eloquent\\Builder))
#11 /Users/HaydenNguyen/Documents/Freelance/Elon Farm/elon-farm/vendor/laravel/framework/src/Illuminate/Database/Eloquent/Builder.php(986): Illuminate\\Database\\Eloquent\\Model->save()
#12 /Users/HaydenNguyen/Documents/Freelance/Elon Farm/elon-farm/vendor/laravel/framework/src/Illuminate/Support/helpers.php(306): Illuminate\\Database\\Eloquent\\Builder->Illuminate\\Database\\Eloquent\\{closure}(Object(App\\Models\\Order))
#13 /Users/HaydenNguyen/Documents/Freelance/Elon Farm/elon-farm/vendor/laravel/framework/src/Illuminate/Database/Eloquent/Builder.php(985): tap(Object(App\\Models\\Order), Object(Closure))
#14 /Users/HaydenNguyen/Documents/Freelance/Elon Farm/elon-farm/vendor/laravel/framework/src/Illuminate/Support/Traits/ForwardsCalls.php(23): Illuminate\\Database\\Eloquent\\Builder->create(Array)
#15 /Users/HaydenNguyen/Documents/Freelance/Elon Farm/elon-farm/vendor/laravel/framework/src/Illuminate/Database/Eloquent/Model.php(2330): Illuminate\\Database\\Eloquent\\Model->forwardCallTo(Object(Illuminate\\Database\\Eloquent\\Builder), 'create', Array)
#16 /Users/HaydenNguyen/Documents/Freelance/Elon Farm/elon-farm/vendor/laravel/framework/src/Illuminate/Database/Eloquent/Model.php(2342): Illuminate\\Database\\Eloquent\\Model->__call('create', Array)
#17 /Users/HaydenNguyen/Documents/Freelance/Elon Farm/elon-farm/app/Http/Controllers/Frontend/FrontendController.php(223): Illuminate\\Database\\Eloquent\\Model::__callStatic('create', Array)
#18 /Users/HaydenNguyen/Documents/Freelance/Elon Farm/elon-farm/vendor/laravel/framework/src/Illuminate/Routing/Controller.php(54): App\\Http\\Controllers\\Frontend\\FrontendController->bookTour(Object(Illuminate\\Http\\Request))
#19 /Users/HaydenNguyen/Documents/Freelance/Elon Farm/elon-farm/vendor/laravel/framework/src/Illuminate/Routing/ControllerDispatcher.php(43): Illuminate\\Routing\\Controller->callAction('bookTour', Array)
#20 /Users/HaydenNguyen/Documents/Freelance/Elon Farm/elon-farm/vendor/laravel/framework/src/Illuminate/Routing/Route.php(259): Illuminate\\Routing\\ControllerDispatcher->dispatch(Object(Illuminate\\Routing\\Route), Object(App\\Http\\Controllers\\Frontend\\FrontendController), 'bookTour')
#21 /Users/HaydenNguyen/Documents/Freelance/Elon Farm/elon-farm/vendor/laravel/framework/src/Illuminate/Routing/Route.php(205): Illuminate\\Routing\\Route->runController()
#22 /Users/HaydenNguyen/Documents/Freelance/Elon Farm/elon-farm/vendor/laravel/framework/src/Illuminate/Routing/Router.php(798): Illuminate\\Routing\\Route->run()
#23 /Users/HaydenNguyen/Documents/Freelance/Elon Farm/elon-farm/vendor/laravel/framework/src/Illuminate/Pipeline/Pipeline.php(141): Illuminate\\Routing\\Router->Illuminate\\Routing\\{closure}(Object(Illuminate\\Http\\Request))
#24 /Users/HaydenNguyen/Documents/Freelance/Elon Farm/elon-farm/app/Http/Middleware/Frontend.php(44): Illuminate\\Pipeline\\Pipeline->Illuminate\\Pipeline\\{closure}(Object(Illuminate\\Http\\Request))
#25 /Users/HaydenNguyen/Documents/Freelance/Elon Farm/elon-farm/vendor/laravel/framework/src/Illuminate/Pipeline/Pipeline.php(180): App\\Http\\Middleware\\Frontend->handle(Object(Illuminate\\Http\\Request), Object(Closure))
#26 /Users/HaydenNguyen/Documents/Freelance/Elon Farm/elon-farm/app/Http/Middleware/LocaleMiddleware.php(24): Illuminate\\Pipeline\\Pipeline->Illuminate\\Pipeline\\{closure}(Object(Illuminate\\Http\\Request))
#27 /Users/HaydenNguyen/Documents/Freelance/Elon Farm/elon-farm/vendor/laravel/framework/src/Illuminate/Pipeline/Pipeline.php(180): App\\Http\\Middleware\\LocaleMiddleware->handle(Object(Illuminate\\Http\\Request), Object(Closure))
#28 /Users/HaydenNguyen/Documents/Freelance/Elon Farm/elon-farm/vendor/laravel/framework/src/Illuminate/Routing/Middleware/SubstituteBindings.php(50): Illuminate\\Pipeline\\Pipeline->Illuminate\\Pipeline\\{closure}(Object(Illuminate\\Http\\Request))
#29 /Users/HaydenNguyen/Documents/Freelance/Elon Farm/elon-farm/vendor/laravel/framework/src/Illuminate/Pipeline/Pipeline.php(180): Illuminate\\Routing\\Middleware\\SubstituteBindings->handle(Object(Illuminate\\Http\\Request), Object(Closure))
#30 /Users/HaydenNguyen/Documents/Freelance/Elon Farm/elon-farm/app/Http/Middleware/Localization.php(24): Illuminate\\Pipeline\\Pipeline->Illuminate\\Pipeline\\{closure}(Object(Illuminate\\Http\\Request))
#31 /Users/HaydenNguyen/Documents/Freelance/Elon Farm/elon-farm/vendor/laravel/framework/src/Illuminate/Pipeline/Pipeline.php(180): App\\Http\\Middleware\\Localization->handle(Object(Illuminate\\Http\\Request), Object(Closure))
#32 /Users/HaydenNguyen/Documents/Freelance/Elon Farm/elon-farm/vendor/laravel/framework/src/Illuminate/Foundation/Http/Middleware/VerifyCsrfToken.php(78): Illuminate\\Pipeline\\Pipeline->Illuminate\\Pipeline\\{closure}(Object(Illuminate\\Http\\Request))
#33 /Users/HaydenNguyen/Documents/Freelance/Elon Farm/elon-farm/vendor/laravel/framework/src/Illuminate/Pipeline/Pipeline.php(180): Illuminate\\Foundation\\Http\\Middleware\\VerifyCsrfToken->handle(Object(Illuminate\\Http\\Request), Object(Closure))
#34 /Users/HaydenNguyen/Documents/Freelance/Elon Farm/elon-farm/vendor/laravel/framework/src/Illuminate/View/Middleware/ShareErrorsFromSession.php(49): Illuminate\\Pipeline\\Pipeline->Illuminate\\Pipeline\\{closure}(Object(Illuminate\\Http\\Request))
#35 /Users/HaydenNguyen/Documents/Freelance/Elon Farm/elon-farm/vendor/laravel/framework/src/Illuminate/Pipeline/Pipeline.php(180): Illuminate\\View\\Middleware\\ShareErrorsFromSession->handle(Object(Illuminate\\Http\\Request), Object(Closure))
#36 /Users/HaydenNguyen/Documents/Freelance/Elon Farm/elon-farm/vendor/laravel/framework/src/Illuminate/Session/Middleware/StartSession.php(121): Illuminate\\Pipeline\\Pipeline->Illuminate\\Pipeline\\{closure}(Object(Illuminate\\Http\\Request))
#37 /Users/HaydenNguyen/Documents/Freelance/Elon Farm/elon-farm/vendor/laravel/framework/src/Illuminate/Session/Middleware/StartSession.php(64): Illuminate\\Session\\Middleware\\StartSession->handleStatefulRequest(Object(Illuminate\\Http\\Request), Object(Illuminate\\Session\\Store), Object(Closure))
#38 /Users/HaydenNguyen/Documents/Freelance/Elon Farm/elon-farm/vendor/laravel/framework/src/Illuminate/Pipeline/Pipeline.php(180): Illuminate\\Session\\Middleware\\StartSession->handle(Object(Illuminate\\Http\\Request), Object(Closure))
#39 /Users/HaydenNguyen/Documents/Freelance/Elon Farm/elon-farm/vendor/laravel/framework/src/Illuminate/Cookie/Middleware/AddQueuedCookiesToResponse.php(37): Illuminate\\Pipeline\\Pipeline->Illuminate\\Pipeline\\{closure}(Object(Illuminate\\Http\\Request))
#40 /Users/HaydenNguyen/Documents/Freelance/Elon Farm/elon-farm/vendor/laravel/framework/src/Illuminate/Pipeline/Pipeline.php(180): Illuminate\\Cookie\\Middleware\\AddQueuedCookiesToResponse->handle(Object(Illuminate\\Http\\Request), Object(Closure))
#41 /Users/HaydenNguyen/Documents/Freelance/Elon Farm/elon-farm/vendor/laravel/framework/src/Illuminate/Cookie/Middleware/EncryptCookies.php(67): Illuminate\\Pipeline\\Pipeline->Illuminate\\Pipeline\\{closure}(Object(Illuminate\\Http\\Request))
#42 /Users/HaydenNguyen/Documents/Freelance/Elon Farm/elon-farm/vendor/laravel/framework/src/Illuminate/Pipeline/Pipeline.php(180): Illuminate\\Cookie\\Middleware\\EncryptCookies->handle(Object(Illuminate\\Http\\Request), Object(Closure))
#43 /Users/HaydenNguyen/Documents/Freelance/Elon Farm/elon-farm/vendor/laravel/framework/src/Illuminate/Pipeline/Pipeline.php(116): Illuminate\\Pipeline\\Pipeline->Illuminate\\Pipeline\\{closure}(Object(Illuminate\\Http\\Request))
#44 /Users/HaydenNguyen/Documents/Freelance/Elon Farm/elon-farm/vendor/laravel/framework/src/Illuminate/Routing/Router.php(797): Illuminate\\Pipeline\\Pipeline->then(Object(Closure))
#45 /Users/HaydenNguyen/Documents/Freelance/Elon Farm/elon-farm/vendor/laravel/framework/src/Illuminate/Routing/Router.php(776): Illuminate\\Routing\\Router->runRouteWithinStack(Object(Illuminate\\Routing\\Route), Object(Illuminate\\Http\\Request))
#46 /Users/HaydenNguyen/Documents/Freelance/Elon Farm/elon-farm/vendor/laravel/framework/src/Illuminate/Routing/Router.php(740): Illuminate\\Routing\\Router->runRoute(Object(Illuminate\\Http\\Request), Object(Illuminate\\Routing\\Route))
#47 /Users/HaydenNguyen/Documents/Freelance/Elon Farm/elon-farm/vendor/laravel/framework/src/Illuminate/Routing/Router.php(729): Illuminate\\Routing\\Router->dispatchToRoute(Object(Illuminate\\Http\\Request))
#48 /Users/HaydenNguyen/Documents/Freelance/Elon Farm/elon-farm/vendor/laravel/framework/src/Illuminate/Foundation/Http/Kernel.php(190): Illuminate\\Routing\\Router->dispatch(Object(Illuminate\\Http\\Request))
#49 /Users/HaydenNguyen/Documents/Freelance/Elon Farm/elon-farm/vendor/laravel/framework/src/Illuminate/Pipeline/Pipeline.php(141): Illuminate\\Foundation\\Http\\Kernel->Illuminate\\Foundation\\Http\\{closure}(Object(Illuminate\\Http\\Request))
#50 /Users/HaydenNguyen/Documents/Freelance/Elon Farm/elon-farm/app/Http/Middleware/CheckDomain.php(22): Illuminate\\Pipeline\\Pipeline->Illuminate\\Pipeline\\{closure}(Object(Illuminate\\Http\\Request))
#51 /Users/HaydenNguyen/Documents/Freelance/Elon Farm/elon-farm/vendor/laravel/framework/src/Illuminate/Pipeline/Pipeline.php(180): App\\Http\\Middleware\\CheckDomain->handle(Object(Illuminate\\Http\\Request), Object(Closure))
#52 /Users/HaydenNguyen/Documents/Freelance/Elon Farm/elon-farm/vendor/laravel/framework/src/Illuminate/Foundation/Http/Middleware/TransformsRequest.php(21): Illuminate\\Pipeline\\Pipeline->Illuminate\\Pipeline\\{closure}(Object(Illuminate\\Http\\Request))
#53 /Users/HaydenNguyen/Documents/Freelance/Elon Farm/elon-farm/vendor/laravel/framework/src/Illuminate/Foundation/Http/Middleware/ConvertEmptyStringsToNull.php(31): Illuminate\\Foundation\\Http\\Middleware\\TransformsRequest->handle(Object(Illuminate\\Http\\Request), Object(Closure))
#54 /Users/HaydenNguyen/Documents/Freelance/Elon Farm/elon-farm/vendor/laravel/framework/src/Illuminate/Pipeline/Pipeline.php(180): Illuminate\\Foundation\\Http\\Middleware\\ConvertEmptyStringsToNull->handle(Object(Illuminate\\Http\\Request), Object(Closure))
#55 /Users/HaydenNguyen/Documents/Freelance/Elon Farm/elon-farm/vendor/laravel/framework/src/Illuminate/Foundation/Http/Middleware/TransformsRequest.php(21): Illuminate\\Pipeline\\Pipeline->Illuminate\\Pipeline\\{closure}(Object(Illuminate\\Http\\Request))
#56 /Users/HaydenNguyen/Documents/Freelance/Elon Farm/elon-farm/vendor/laravel/framework/src/Illuminate/Foundation/Http/Middleware/TrimStrings.php(40): Illuminate\\Foundation\\Http\\Middleware\\TransformsRequest->handle(Object(Illuminate\\Http\\Request), Object(Closure))
#57 /Users/HaydenNguyen/Documents/Freelance/Elon Farm/elon-farm/vendor/laravel/framework/src/Illuminate/Pipeline/Pipeline.php(180): Illuminate\\Foundation\\Http\\Middleware\\TrimStrings->handle(Object(Illuminate\\Http\\Request), Object(Closure))
#58 /Users/HaydenNguyen/Documents/Freelance/Elon Farm/elon-farm/vendor/laravel/framework/src/Illuminate/Foundation/Http/Middleware/ValidatePostSize.php(27): Illuminate\\Pipeline\\Pipeline->Illuminate\\Pipeline\\{closure}(Object(Illuminate\\Http\\Request))
#59 /Users/HaydenNguyen/Documents/Freelance/Elon Farm/elon-farm/vendor/laravel/framework/src/Illuminate/Pipeline/Pipeline.php(180): Illuminate\\Foundation\\Http\\Middleware\\ValidatePostSize->handle(Object(Illuminate\\Http\\Request), Object(Closure))
#60 /Users/HaydenNguyen/Documents/Freelance/Elon Farm/elon-farm/vendor/laravel/framework/src/Illuminate/Foundation/Http/Middleware/PreventRequestsDuringMaintenance.php(86): Illuminate\\Pipeline\\Pipeline->Illuminate\\Pipeline\\{closure}(Object(Illuminate\\Http\\Request))
#61 /Users/HaydenNguyen/Documents/Freelance/Elon Farm/elon-farm/vendor/laravel/framework/src/Illuminate/Pipeline/Pipeline.php(180): Illuminate\\Foundation\\Http\\Middleware\\PreventRequestsDuringMaintenance->handle(Object(Illuminate\\Http\\Request), Object(Closure))
#62 /Users/HaydenNguyen/Documents/Freelance/Elon Farm/elon-farm/vendor/fruitcake/laravel-cors/src/HandleCors.php(38): Illuminate\\Pipeline\\Pipeline->Illuminate\\Pipeline\\{closure}(Object(Illuminate\\Http\\Request))
#63 /Users/HaydenNguyen/Documents/Freelance/Elon Farm/elon-farm/vendor/laravel/framework/src/Illuminate/Pipeline/Pipeline.php(180): Fruitcake\\Cors\\HandleCors->handle(Object(Illuminate\\Http\\Request), Object(Closure))
#64 /Users/HaydenNguyen/Documents/Freelance/Elon Farm/elon-farm/vendor/laravel/framework/src/Illuminate/Http/Middleware/TrustProxies.php(39): Illuminate\\Pipeline\\Pipeline->Illuminate\\Pipeline\\{closure}(Object(Illuminate\\Http\\Request))
#65 /Users/HaydenNguyen/Documents/Freelance/Elon Farm/elon-farm/vendor/laravel/framework/src/Illuminate/Pipeline/Pipeline.php(180): Illuminate\\Http\\Middleware\\TrustProxies->handle(Object(Illuminate\\Http\\Request), Object(Closure))
#66 /Users/HaydenNguyen/Documents/Freelance/Elon Farm/elon-farm/vendor/laravel/framework/src/Illuminate/Pipeline/Pipeline.php(116): Illuminate\\Pipeline\\Pipeline->Illuminate\\Pipeline\\{closure}(Object(Illuminate\\Http\\Request))
#67 /Users/HaydenNguyen/Documents/Freelance/Elon Farm/elon-farm/vendor/laravel/framework/src/Illuminate/Foundation/Http/Kernel.php(165): Illuminate\\Pipeline\\Pipeline->then(Object(Closure))
#68 /Users/HaydenNguyen/Documents/Freelance/Elon Farm/elon-farm/vendor/laravel/framework/src/Illuminate/Foundation/Http/Kernel.php(134): Illuminate\\Foundation\\Http\\Kernel->sendRequestThroughRouter(Object(Illuminate\\Http\\Request))
#69 /Users/HaydenNguyen/Documents/Freelance/Elon Farm/elon-farm/public/index.php(51): Illuminate\\Foundation\\Http\\Kernel->handle(Object(Illuminate\\Http\\Request))
#70 /Users/HaydenNguyen/Documents/Freelance/Elon Farm/elon-farm/server.php(21): require_once('/Users/HaydenNg...')
#71 {main}
"} 
